1,6,1,1,1,2,6,5
1,6,2,1,2,3,7,6
1,6,3,1,3,4,8,7
1,6,4,1,4,1,5,8
1,6,5,0,1,2,3,4
1,6,6,1,5,6,7,8
2,6,1,1,1,2,6,5
2,6,2,1,2,3,7,6
2,6,3,1,3,4,8,7
2,6,4,1,4,1,5,8
2,6,5,0,1,2,3,4
2,6,6,1,5,6,7,8
3,6,1,1,1,2,6,5
3,6,2,1,2,3,7,6
3,6,3,1,3,4,8,7
3,6,4,1,4,1,5,8
3,6,5,0,1,2,3,4
3,6,6,1,5,6,7,8
4,6,1,1,1,2,6,5
4,6,2,1,2,3,7,6
4,6,3,1,3,4,8,7
4,6,4,1,4,1,5,8
4,6,5,0,1,2,3,4
4,6,6,1,5,6,7,8
5,6,1,1,1,2,6,5
5,6,2,1,2,3,7,6
5,6,3,1,3,4,8,7
5,6,4,1,4,1,5,8
5,6,5,0,1,2,3,4
5,6,6,1,5,6,7,8
6,6,1,1,1,2,6,5
6,6,2,1,2,3,7,6
6,6,3,1,3,4,8,7
6,6,4,1,4,1,5,8
6,6,5,0,1,2,3,4
6,6,6,1,5,6,7,8
7,6,1,1,1,2,6,5
7,6,2,1,2,3,7,6
7,6,3,1,3,4,8,7
7,6,4,1,4,1,5,8
7,6,5,0,1,2,3,4
7,6,6,1,5,6,7,8
8,6,1,1,1,2,6,5
8,6,2,1,2,3,7,6
8,6,3,1,3,4,8,7
8,6,4,1,4,1,5,8
8,6,5,0,1,2,3,4
8,6,6,1,5,6,7,8
9,6,1,1,1,2,6,5
9,6,2,1,2,3,7,6
9,6,3,1,3,4,8,7
9,6,4,1,4,1,5,8
9,6,5,0,1,2,3,4
9,6,6,1,5,6,7,8
10,6,1,1,1,2,6,5
10,6,2,1,2,3,7,6
10,6,3,1,3,4,8,7
10,6,4,1,4,1,5,8
10,6,5,0,1,2,3,4
10,6,6,1,5,6,7,8
11,6,1,1,1,2,6,5
11,6,2,1,2,3,7,6
11,6,3,1,3,4,8,7
11,6,4,1,4,1,5,8
11,6,5,0,1,2,3,4
11,6,6,1,5,6,7,8
12,6,1,1,1,2,6,5
12,6,2,1,2,3,7,6
12,6,3,1,3,4,8,7
12,6,4,1,4,1,5,8
12,6,5,0,1,2,3,4
12,6,6,1,5,6,7,8
13,6,1,1,1,2,6,5
13,6,2,1,2,3,7,6
13,6,3,1,3,4,8,7
13,6,4,1,4,1,5,8
13,6,5,0,1,2,3,4
13,6,6,1,5,6,7,8
14,6,1,1,1,2,6,5
14,6,2,1,2,3,7,6
14,6,3,1,3,4,8,7
14,6,4,1,4,1,5,8
14,6,5,0,1,2,3,4
14,6,6,1,5,6,7,8
15,6,1,1,1,2,6,5
15,6,2,1,2,3,7,6
15,6,3,1,3,4,8,7
15,6,4,1,4,1,5,8
15,6,5,0,1,2,3,4
15,6,6,1,5,6,7,8
16,6,1,1,1,2,6,5
16,6,2,1,2,3,7,6
16,6,3,1,3,4,8,7
16,6,4,1,4,1,5,8
16,6,5,0,1,2,3,4
16,6,6,1,5,6,7,8
17,6,1,1,1,2,6,5
17,6,2,1,2,3,7,6
17,6,3,1,3,4,8,7
17,6,4,1,4,1,5,8
17,6,5,0,1,2,3,4
17,6,6,1,5,6,7,8
18,6,1,1,1,2,6,5
18,6,2,1,2,3,7,6
18,6,3,1,3,4,8,7
18,6,4,1,4,1,5,8
18,6,5,0,1,2,3,4
18,6,6,1,5,6,7,8
19,6,1,1,1,2,6,5
19,6,2,1,2,3,7,6
19,6,3,1,3,4,8,7
19,6,4,1,4,1,5,8
19,6,5,0,1,2,3,4
19,6,6,1,5,6,7,8
20,6,1,1,1,2,6,5
20,6,2,1,2,3,7,6
20,6,3,1,3,4,8,7
20,6,4,1,4,1,5,8
20,6,5,0,1,2,3,4
20,6,6,1,5,6,7,8
21,6,1,1,1,2,6,5
21,6,2,1,2,3,7,6
21,6,3,1,3,4,8,7
21,6,4,1,4,1,5,8
21,6,5,0,1,2,3,4
21,6,6,1,5,6,7,8
22,6,1,1,1,2,6,5
22,6,2,1,2,3,7,6
22,6,3,1,3,4,8,7
22,6,4,1,4,1,5,8
22,6,5,0,1,2,3,4
22,6,6,1,5,6,7,8
23,6,1,1,1,2,6,5
23,6,2,1,2,3,7,6
23,6,3,1,3,4,8,7
23,6,4,1,4,1,5,8
23,6,5,0,1,2,3,4
23,6,6,1,5,6,7,8
24,6,1,1,1,2,6,5
24,6,2,1,2,3,7,6
24,6,3,1,3,4,8,7
24,6,4,1,4,1,5,8
24,6,5,0,1,2,3,4
24,6,6,1,5,6,7,8
25,6,1,1,1,2,6,5
25,6,2,1,2,3,7,6
25,6,3,1,3,4,8,7
25,6,4,1,4,1,5,8
25,6,5,0,1,2,3,4
25,6,6,1,5,6,7,8
26,6,1,1,1,2,6,5
26,6,2,1,2,3,7,6
26,6,3,1,3,4,8,7
26,6,4,1,4,1,5,8
26,6,5,0,1,2,3,4
26,6,6,1,5,6,7,8
27,6,1,1,1,2,6,5
27,6,2,1,2,3,7,6
27,6,3,1,3,4,8,7
27,6,4,1,4,1,5,8
27,6,5,0,1,2,3,4
27,6,6,1,5,6,7,8
28,6,1,1,1,2,6,5
28,6,2,1,2,3,7,6
28,6,3,1,3,4,8,7
28,6,4,1,4,1,5,8
28,6,5,0,1,2,3,4
28,6,6,1,5,6,7,8
29,6,1,1,1,2,6,5
29,6,2,1,2,3,7,6
29,6,3,1,3,4,8,7
29,6,4,1,4,1,5,8
29,6,5,0,1,2,3,4
29,6,6,1,5,6,7,8
30,6,1,1,1,2,6,5
30,6,2,1,2,3,7,6
30,6,3,1,3,4,8,7
30,6,4,1,4,1,5,8
30,6,5,0,1,2,3,4
30,6,6,1,5,6,7,8
31,6,1,1,1,2,6,5
31,6,2,1,2,3,7,6
31,6,3,1,3,4,8,7
31,6,4,1,4,1,5,8
31,6,5,0,1,2,3,4
31,6,6,1,5,6,7,8
32,6,1,1,1,2,6,5
32,6,2,1,2,3,7,6
32,6,3,1,3,4,8,7
32,6,4,1,4,1,5,8
32,6,5,0,1,2,3,4
32,6,6,1,5,6,7,8
33,6,1,1,1,2,6,5
33,6,2,1,2,3,7,6
33,6,3,1,3,4,8,7
33,6,4,1,4,1,5,8
33,6,5,0,1,2,3,4
33,6,6,1,5,6,7,8
34,6,1,1,1,2,6,5
34,6,2,1,2,3,7,6
34,6,3,1,3,4,8,7
34,6,4,1,4,1,5,8
34,6,5,0,1,2,3,4
34,6,6,1,5,6,7,8
35,6,1,1,1,2,6,5
35,6,2,1,2,3,7,6
35,6,3,1,3,4,8,7
35,6,4,1,4,1,5,8
35,6,5,0,1,2,3,4
35,6,6,1,5,6,7,8
36,6,1,1,1,2,6,5
36,6,2,1,2,3,7,6
36,6,3,1,3,4,8,7
36,6,4,1,4,1,5,8
36,6,5,0,1,2,3,4
36,6,6,1,5,6,7,8
37,6,1,1,1,2,6,5
37,6,2,1,2,3,7,6
37,6,3,1,3,4,8,7
37,6,4,1,4,1,5,8
37,6,5,0,1,2,3,4
37,6,6,1,5,6,7,8
38,6,1,1,1,2,6,5
38,6,2,1,2,3,7,6
38,6,3,1,3,4,8,7
38,6,4,1,4,1,5,8
38,6,5,0,1,2,3,4
38,6,6,1,5,6,7,8
39,6,1,1,1,2,6,5
39,6,2,1,2,3,7,6
39,6,3,1,3,4,8,7
39,6,4,1,4,1,5,8
39,6,5,0,1,2,3,4
39,6,6,1,5,6,7,8
40,6,1,1,1,2,6,5
40,6,2,1,2,3,7,6
40,6,3,1,3,4,8,7
40,6,4,1,4,1,5,8
40,6,5,0,1,2,3,4
40,6,6,1,5,6,7,8
41,6,1,1,1,2,6,5
41,6,2,1,2,3,7,6
41,6,3,1,3,4,8,7
41,6,4,1,4,1,5,8
41,6,5,0,1,2,3,4
41,6,6,1,5,6,7,8
42,6,1,1,1,2,6,5
42,6,2,1,2,3,7,6
42,6,3,1,3,4,8,7
42,6,4,1,4,1,5,8
42,6,5,0,1,2,3,4
42,6,6,1,5,6,7,8
43,6,1,1,1,2,6,5
43,6,2,1,2,3,7,6
43,6,3,1,3,4,8,7
43,6,4,1,4,1,5,8
43,6,5,0,1,2,3,4
43,6,6,1,5,6,7,8
44,6,1,1,1,2,6,5
44,6,2,1,2,3,7,6
44,6,3,1,3,4,8,7
44,6,4,1,4,1,5,8
44,6,5,0,1,2,3,4
44,6,6,1,5,6,7,8
45,6,1,1,1,2,6,5
45,6,2,1,2,3,7,6
45,6,3,1,3,4,8,7
45,6,4,1,4,1,5,8
45,6,5,0,1,2,3,4
45,6,6,1,5,6,7,8
46,6,1,1,1,2,6,5
46,6,2,1,2,3,7,6
46,6,3,1,3,4,8,7
46,6,4,1,4,1,5,8
46,6,5,0,1,2,3,4
46,6,6,1,5,6,7,8
47,6,1,1,1,2,6,5
47,6,2,1,2,3,7,6
47,6,3,1,3,4,8,7
47,6,4,1,4,1,5,8
47,6,5,0,1,2,3,4
47,6,6,1,5,6,7,8
48,6,1,1,1,2,6,5
48,6,2,1,2,3,7,6
48,6,3,1,3,4,8,7
48,6,4,1,4,1,5,8
48,6,5,0,1,2,3,4
48,6,6,1,5,6,7,8
49,6,1,1,1,2,6,5
49,6,2,1,2,3,7,6
49,6,3,1,3,4,8,7
49,6,4,1,4,1,5,8
49,6,5,0,1,2,3,4
49,6,6,1,5,6,7,8
50,6,1,1,1,2,6,5
50,6,2,1,2,3,7,6
50,6,3,1,3,4,8,7
50,6,4,1,4,1,5,8
50,6,5,0,1,2,3,4
50,6,6,1,5,6,7,8
51,6,1,1,1,2,6,5
51,6,2,1,2,3,7,6
51,6,3,1,3,4,8,7
51,6,4,1,4,1,5,8
51,6,5,0,1,2,3,4
51,6,6,1,5,6,7,8
52,6,1,1,1,2,6,5
52,6,2,1,2,3,7,6
52,6,3,1,3,4,8,7
52,6,4,1,4,1,5,8
52,6,5,0,1,2,3,4
52,6,6,1,5,6,7,8
53,6,1,1,1,2,6,5
53,6,2,1,2,3,7,6
53,6,3,1,3,4,8,7
53,6,4,1,4,1,5,8
53,6,5,0,1,2,3,4
53,6,6,1,5,6,7,8
54,6,1,1,1,2,6,5
54,6,2,1,2,3,7,6
54,6,3,1,3,4,8,7
54,6,4,1,4,1,5,8
54,6,5,0,1,2,3,4
54,6,6,1,5,6,7,8
55,6,1,1,1,2,6,5
55,6,2,1,2,3,7,6
55,6,3,1,3,4,8,7
55,6,4,1,4,1,5,8
55,6,5,0,1,2,3,4
55,6,6,1,5,6,7,8
56,6,1,1,1,2,6,5
56,6,2,1,2,3,7,6
56,6,3,1,3,4,8,7
56,6,4,1,4,1,5,8
56,6,5,0,1,2,3,4
56,6,6,1,5,6,7,8
57,6,1,1,1,2,6,5
57,6,2,1,2,3,7,6
57,6,3,1,3,4,8,7
57,6,4,1,4,1,5,8
57,6,5,0,1,2,3,4
57,6,6,1,5,6,7,8
58,6,1,1,1,2,6,5
58,6,2,1,2,3,7,6
58,6,3,1,3,4,8,7
58,6,4,1,4,1,5,8
58,6,5,0,1,2,3,4
58,6,6,1,5,6,7,8
59,6,1,1,1,2,6,5
59,6,2,1,2,3,7,6
59,6,3,1,3,4,8,7
59,6,4,1,4,1,5,8
59,6,5,0,1,2,3,4
59,6,6,1,5,6,7,8
60,6,1,1,1,2,6,5
60,6,2,1,2,3,7,6
60,6,3,1,3,4,8,7
60,6,4,1,4,1,5,8
60,6,5,0,1,2,3,4
60,6,6,1,5,6,7,8
61,6,1,1,1,2,6,5
61,6,2,1,2,3,7,6
61,6,3,1,3,4,8,7
61,6,4,1,4,1,5,8
61,6,5,0,1,2,3,4
61,6,6,1,5,6,7,8
62,6,1,1,1,2,6,5
62,6,2,1,2,3,7,6
62,6,3,1,3,4,8,7
62,6,4,1,4,1,5,8
62,6,5,0,1,2,3,4
62,6,6,1,5,6,7,8
63,6,1,1,1,2,6,5
63,6,2,1,2,3,7,6
63,6,3,1,3,4,8,7
63,6,4,1,4,1,5,8
63,6,5,0,1,2,3,4
63,6,6,1,5,6,7,8
64,6,1,1,1,2,6,5
64,6,2,1,2,3,7,6
64,6,3,1,3,4,8,7
64,6,4,1,4,1,5,8
64,6,5,0,1,2,3,4
64,6,6,1,5,6,7,8
65,6,1,1,1,2,6,5
65,6,2,1,2,3,7,6
65,6,3,1,3,4,8,7
65,6,4,1,4,1,5,8
65,6,5,0,1,2,3,4
65,6,6,1,5,6,7,8
66,6,1,1,1,2,6,5
66,6,2,1,2,3,7,6
66,6,3,1,3,4,8,7
66,6,4,1,4,1,5,8
66,6,5,0,1,2,3,4
66,6,6,1,5,6,7,8
67,6,1,1,1,2,6,5
67,6,2,1,2,3,7,6
67,6,3,1,3,4,8,7
67,6,4,1,4,1,5,8
67,6,5,0,1,2,3,4
67,6,6,1,5,6,7,8
68,6,1,1,1,2,6,5
68,6,2,1,2,3,7,6
68,6,3,1,3,4,8,7
68,6,4,1,4,1,5,8
68,6,5,0,1,2,3,4
68,6,6,1,5,6,7,8
69,6,1,1,1,2,6,5
69,6,2,1,2,3,7,6
69,6,3,1,3,4,8,7
69,6,4,1,4,1,5,8
69,6,5,0,1,2,3,4
69,6,6,1,5,6,7,8
70,6,1,1,1,2,6,5
70,6,2,1,2,3,7,6
70,6,3,1,3,4,8,7
70,6,4,1,4,1,5,8
70,6,5,0,1,2,3,4
70,6,6,1,5,6,7,8
71,6,1,1,1,2,6,5
71,6,2,1,2,3,7,6
71,6,3,1,3,4,8,7
71,6,4,1,4,1,5,8
71,6,5,0,1,2,3,4
71,6,6,1,5,6,7,8
72,6,1,1,1,2,6,5
72,6,2,1,2,3,7,6
72,6,3,1,3,4,8,7
72,6,4,1,4,1,5,8
72,6,5,0,1,2,3,4
72,6,6,1,5,6,7,8
73,6,1,1,1,2,6,5
73,6,2,1,2,3,7,6
73,6,3,1,3,4,8,7
73,6,4,1,4,1,5,8
73,6,5,0,1,2,3,4
73,6,6,1,5,6,7,8
74,6,1,1,1,2,6,5
74,6,2,1,2,3,7,6
74,6,3,1,3,4,8,7
74,6,4,1,4,1,5,8
74,6,5,0,1,2,3,4
74,6,6,1,5,6,7,8
75,6,1,1,1,2,6,5
75,6,2,1,2,3,7,6
75,6,3,1,3,4,8,7
75,6,4,1,4,1,5,8
75,6,5,0,1,2,3,4
75,6,6,1,5,6,7,8
76,6,1,1,1,2,6,5
76,6,2,1,2,3,7,6
76,6,3,1,3,4,8,7
76,6,4,1,4,1,5,8
76,6,5,0,1,2,3,4
76,6,6,1,5,6,7,8
77,6,1,1,1,2,6,5
77,6,2,1,2,3,7,6
77,6,3,1,3,4,8,7
77,6,4,1,4,1,5,8
77,6,5,0,1,2,3,4
77,6,6,1,5,6,7,8
78,6,1,1,1,2,6,5
78,6,2,1,2,3,7,6
78,6,3,1,3,4,8,7
78,6,4,1,4,1,5,8
78,6,5,0,1,2,3,4
78,6,6,1,5,6,7,8
79,6,1,1,1,2,6,5
79,6,2,1,2,3,7,6
79,6,3,1,3,4,8,7
79,6,4,1,4,1,5,8
79,6,5,0,1,2,3,4
79,6,6,1,5,6,7,8
80,6,1,1,1,2,6,5
80,6,2,1,2,3,7,6
80,6,3,1,3,4,8,7
80,6,4,1,4,1,5,8
80,6,5,0,1,2,3,4
80,6,6,1,5,6,7,8
81,6,1,1,1,2,6,5
81,6,2,1,2,3,7,6
81,6,3,1,3,4,8,7
81,6,4,1,4,1,5,8
81,6,5,0,1,2,3,4
81,6,6,1,5,6,7,8
82,6,1,1,1,2,6,5
82,6,2,1,2,3,7,6
82,6,3,1,3,4,8,7
82,6,4,1,4,1,5,8
82,6,5,0,1,2,3,4
82,6,6,1,5,6,7,8
83,6,1,1,1,2,6,5
83,6,2,1,2,3,7,6
83,6,3,1,3,4,8,7
83,6,4,1,4,1,5,8
83,6,5,0,1,2,3,4
83,6,6,1,5,6,7,8
84,6,1,1,1,2,6,5
84,6,2,1,2,3,7,6
84,6,3,1,3,4,8,7
84,6,4,1,4,1,5,8
84,6,5,0,1,2,3,4
84,6,6,1,5,6,7,8
85,6,1,1,1,2,6,5
85,6,2,1,2,3,7,6
85,6,3,1,3,4,8,7
85,6,4,1,4,1,5,8
85,6,5,0,1,2,3,4
85,6,6,1,5,6,7,8
86,6,1,1,1,2,6,5
86,6,2,1,2,3,7,6
86,6,3,1,3,4,8,7
86,6,4,1,4,1,5,8
86,6,5,0,1,2,3,4
86,6,6,1,5,6,7,8
87,6,1,1,1,2,6,5
87,6,2,1,2,3,7,6
87,6,3,1,3,4,8,7
87,6,4,1,4,1,5,8
87,6,5,0,1,2,3,4
87,6,6,1,5,6,7,8
88,6,1,1,1,2,6,5
88,6,2,1,2,3,7,6
88,6,3,1,3,4,8,7
88,6,4,1,4,1,5,8
88,6,5,0,1,2,3,4
88,6,6,1,5,6,7,8
89,6,1,1,1,2,6,5
89,6,2,1,2,3,7,6
89,6,3,1,3,4,8,7
89,6,4,1,4,1,5,8
89,6,5,0,1,2,3,4
89,6,6,1,5,6,7,8
90,6,1,1,1,2,6,5
90,6,2,1,2,3,7,6
90,6,3,1,3,4,8,7
90,6,4,1,4,1,5,8
90,6,5,0,1,2,3,4
90,6,6,1,5,6,7,8
91,6,1,1,1,2,6,5
91,6,2,1,2,3,7,6
91,6,3,1,3,4,8,7
91,6,4,1,4,1,5,8
91,6,5,0,1,2,3,4
91,6,6,1,5,6,7,8
92,6,1,1,1,2,6,5
92,6,2,1,2,3,7,6
92,6,3,1,3,4,8,7
92,6,4,1,4,1,5,8
92,6,5,0,1,2,3,4
92,6,6,1,5,6,7,8
93,6,1,1,1,2,6,5
93,6,2,1,2,3,7,6
93,6,3,1,3,4,8,7
93,6,4,1,4,1,5,8
93,6,5,0,1,2,3,4
93,6,6,1,5,6,7,8
94,6,1,1,1,2,6,5
94,6,2,1,2,3,7,6
94,6,3,1,3,4,8,7
94,6,4,1,4,1,5,8
94,6,5,0,1,2,3,4
94,6,6,1,5,6,7,8
95,6,1,1,1,2,6,5
95,6,2,1,2,3,7,6
95,6,3,1,3,4,8,7
95,6,4,1,4,1,5,8
95,6,5,0,1,2,3,4
95,6,6,1,5,6,7,8
96,6,1,1,1,2,6,5
96,6,2,1,2,3,7,6
96,6,3,1,3,4,8,7
96,6,4,1,4,1,5,8
96,6,5,0,1,2,3,4
96,6,6,1,5,6,7,8
97,6,1,1,1,2,6,5
97,6,2,1,2,3,7,6
97,6,3,1,3,4,8,7
97,6,4,1,4,1,5,8
97,6,5,0,1,2,3,4
97,6,6,1,5,6,7,8
98,6,1,1,1,2,6,5
98,6,2,1,2,3,7,6
98,6,3,1,3,4,8,7
98,6,4,1,4,1,5,8
98,6,5,0,1,2,3,4
98,6,6,1,5,6,7,8
99,6,1,1,1,2,6,5
99,6,2,1,2,3,7,6
99,6,3,1,3,4,8,7
99,6,4,1,4,1,5,8
99,6,5,0,1,2,3,4
99,6,6,1,5,6,7,8
100,6,1,1,1,2,6,5
100,6,2,1,2,3,7,6
100,6,3,1,3,4,8,7
100,6,4,1,4,1,5,8
100,6,5,0,1,2,3,4
100,6,6,1,5,6,7,8
101,6,1,1,1,2,6,5
101,6,2,1,2,3,7,6
101,6,3,1,3,4,8,7
101,6,4,1,4,1,5,8
101,6,5,0,1,2,3,4
101,6,6,1,5,6,7,8
102,6,1,1,1,2,6,5
102,6,2,1,2,3,7,6
102,6,3,1,3,4,8,7
102,6,4,1,4,1,5,8
102,6,5,0,1,2,3,4
102,6,6,1,5,6,7,8
103,6,1,1,1,2,6,5
103,6,2,1,2,3,7,6
103,6,3,1,3,4,8,7
103,6,4,1,4,1,5,8
103,6,5,0,1,2,3,4
103,6,6,1,5,6,7,8
104,6,1,1,1,2,6,5
104,6,2,1,2,3,7,6
104,6,3,1,3,4,8,7
104,6,4,1,4,1,5,8
104,6,5,0,1,2,3,4
104,6,6,1,5,6,7,8
105,6,1,1,1,2,6,5
105,6,2,1,2,3,7,6
105,6,3,1,3,4,8,7
105,6,4,1,4,1,5,8
105,6,5,0,1,2,3,4
105,6,6,1,5,6,7,8
106,6,1,1,1,2,6,5
106,6,2,1,2,3,7,6
106,6,3,1,3,4,8,7
106,6,4,1,4,1,5,8
106,6,5,0,1,2,3,4
106,6,6,1,5,6,7,8
107,6,1,1,1,2,6,5
107,6,2,1,2,3,7,6
107,6,3,1,3,4,8,7
107,6,4,1,4,1,5,8
107,6,5,0,1,2,3,4
107,6,6,1,5,6,7,8
108,6,1,1,1,2,6,5
108,6,2,1,2,3,7,6
108,6,3,1,3,4,8,7
108,6,4,1,4,1,5,8
108,6,5,0,1,2,3,4
108,6,6,1,5,6,7,8
109,6,1,1,1,2,6,5
109,6,2,1,2,3,7,6
109,6,3,1,3,4,8,7
109,6,4,1,4,1,5,8
109,6,5,0,1,2,3,4
109,6,6,1,5,6,7,8
110,6,1,1,1,2,6,5
110,6,2,1,2,3,7,6
110,6,3,1,3,4,8,7
110,6,4,1,4,1,5,8
110,6,5,0,1,2,3,4
110,6,6,1,5,6,7,8
111,6,1,1,1,2,6,5
111,6,2,1,2,3,7,6
111,6,3,1,3,4,8,7
111,6,4,1,4,1,5,8
111,6,5,0,1,2,3,4
111,6,6,1,5,6,7,8
112,6,1,1,1,2,6,5
112,6,2,1,2,3,7,6
112,6,3,1,3,4,8,7
112,6,4,1,4,1,5,8
112,6,5,0,1,2,3,4
112,6,6,1,5,6,7,8
113,6,1,1,1,2,6,5
113,6,2,1,2,3,7,6
113,6,3,1,3,4,8,7
113,6,4,1,4,1,5,8
113,6,5,0,1,2,3,4
113,6,6,1,5,6,7,8
114,6,1,1,1,2,6,5
114,6,2,1,2,3,7,6
114,6,3,1,3,4,8,7
114,6,4,1,4,1,5,8
114,6,5,0,1,2,3,4
114,6,6,1,5,6,7,8
115,6,1,1,1,2,6,5
115,6,2,1,2,3,7,6
115,6,3,1,3,4,8,7
115,6,4,1,4,1,5,8
115,6,5,0,1,2,3,4
115,6,6,1,5,6,7,8
116,6,1,1,1,2,6,5
116,6,2,1,2,3,7,6
116,6,3,1,3,4,8,7
116,6,4,1,4,1,5,8
116,6,5,0,1,2,3,4
116,6,6,1,5,6,7,8
117,6,1,1,1,2,6,5
117,6,2,1,2,3,7,6
117,6,3,1,3,4,8,7
117,6,4,1,4,1,5,8
117,6,5,0,1,2,3,4
117,6,6,1,5,6,7,8
118,6,1,1,1,2,6,5
118,6,2,1,2,3,7,6
118,6,3,1,3,4,8,7
118,6,4,1,4,1,5,8
118,6,5,0,1,2,3,4
118,6,6,1,5,6,7,8
119,6,1,1,1,2,6,5
119,6,2,1,2,3,7,6
119,6,3,1,3,4,8,7
119,6,4,1,4,1,5,8
119,6,5,0,1,2,3,4
119,6,6,1,5,6,7,8
120,6,1,1,1,2,6,5
120,6,2,1,2,3,7,6
120,6,3,1,3,4,8,7
120,6,4,1,4,1,5,8
120,6,5,0,1,2,3,4
120,6,6,1,5,6,7,8
121,6,1,1,1,2,6,5
121,6,2,1,2,3,7,6
121,6,3,1,3,4,8,7
121,6,4,1,4,1,5,8
121,6,5,0,1,2,3,4
121,6,6,1,5,6,7,8
122,6,1,1,1,2,6,5
122,6,2,1,2,3,7,6
122,6,3,1,3,4,8,7
122,6,4,1,4,1,5,8
122,6,5,0,1,2,3,4
122,6,6,1,5,6,7,8
123,6,1,1,1,2,6,5
123,6,2,1,2,3,7,6
123,6,3,1,3,4,8,7
123,6,4,1,4,1,5,8
123,6,5,0,1,2,3,4
123,6,6,1,5,6,7,8
124,6,1,1,1,2,6,5
124,6,2,1,2,3,7,6
124,6,3,1,3,4,8,7
124,6,4,1,4,1,5,8
124,6,5,0,1,2,3,4
124,6,6,1,5,6,7,8
125,6,1,1,1,2,6,5
125,6,2,1,2,3,7,6
125,6,3,1,3,4,8,7
125,6,4,1,4,1,5,8
125,6,5,0,1,2,3,4
125,6,6,1,5,6,7,8
126,6,1,1,1,2,6,5
126,6,2,1,2,3,7,6
126,6,3,1,3,4,8,7
126,6,4,1,4,1,5,8
126,6,5,0,1,2,3,4
126,6,6,1,5,6,7,8
127,6,1,1,1,2,6,5
127,6,2,1,2,3,7,6
127,6,3,1,3,4,8,7
127,6,4,1,4,1,5,8
127,6,5,0,1,2,3,4
127,6,6,1,5,6,7,8
128,6,1,1,1,2,6,5
128,6,2,1,2,3,7,6
128,6,3,1,3,4,8,7
128,6,4,1,4,1,5,8
128,6,5,0,1,2,3,4
128,6,6,1,5,6,7,8
129,6,1,1,1,2,6,5
129,6,2,1,2,3,7,6
129,6,3,1,3,4,8,7
129,6,4,1,4,1,5,8
129,6,5,0,1,2,3,4
129,6,6,1,5,6,7,8
130,6,1,1,1,2,6,5
130,6,2,1,2,3,7,6
130,6,3,1,3,4,8,7
130,6,4,1,4,1,5,8
130,6,5,0,1,2,3,4
130,6,6,1,5,6,7,8
131,6,1,1,1,2,6,5
131,6,2,1,2,3,7,6
131,6,3,1,3,4,8,7
131,6,4,1,4,1,5,8
131,6,5,0,1,2,3,4
131,6,6,1,5,6,7,8
132,6,1,1,1,2,6,5
132,6,2,1,2,3,7,6
132,6,3,1,3,4,8,7
132,6,4,1,4,1,5,8
132,6,5,0,1,2,3,4
132,6,6,1,5,6,7,8
133,6,1,1,1,2,6,5
133,6,2,1,2,3,7,6
133,6,3,1,3,4,8,7
133,6,4,1,4,1,5,8
133,6,5,0,1,2,3,4
133,6,6,1,5,6,7,8
134,6,1,1,1,2,6,5
134,6,2,1,2,3,7,6
134,6,3,1,3,4,8,7
134,6,4,1,4,1,5,8
134,6,5,0,1,2,3,4
134,6,6,1,5,6,7,8
135,6,1,1,1,2,6,5
135,6,2,1,2,3,7,6
135,6,3,1,3,4,8,7
135,6,4,1,4,1,5,8
135,6,5,0,1,2,3,4
135,6,6,1,5,6,7,8
136,6,1,1,1,2,6,5
136,6,2,1,2,3,7,6
136,6,3,1,3,4,8,7
136,6,4,1,4,1,5,8
136,6,5,0,1,2,3,4
136,6,6,1,5,6,7,8
137,6,1,1,1,2,6,5
137,6,2,1,2,3,7,6
137,6,3,1,3,4,8,7
137,6,4,1,4,1,5,8
137,6,5,0,1,2,3,4
137,6,6,1,5,6,7,8
138,6,1,1,1,2,6,5
138,6,2,1,2,3,7,6
138,6,3,1,3,4,8,7
138,6,4,1,4,1,5,8
138,6,5,0,1,2,3,4
138,6,6,1,5,6,7,8
139,6,1,1,1,2,6,5
139,6,2,1,2,3,7,6
139,6,3,1,3,4,8,7
139,6,4,1,4,1,5,8
139,6,5,0,1,2,3,4
139,6,6,1,5,6,7,8
140,6,1,1,1,2,6,5
140,6,2,1,2,3,7,6
140,6,3,1,3,4,8,7
140,6,4,1,4,1,5,8
140,6,5,0,1,2,3,4
140,6,6,1,5,6,7,8
141,6,1,1,1,2,6,5
141,6,2,1,2,3,7,6
141,6,3,1,3,4,8,7
141,6,4,1,4,1,5,8
141,6,5,0,1,2,3,4
141,6,6,1,5,6,7,8
142,6,1,1,1,2,6,5
142,6,2,1,2,3,7,6
142,6,3,1,3,4,8,7
142,6,4,1,4,1,5,8
142,6,5,0,1,2,3,4
142,6,6,1,5,6,7,8
143,6,1,1,1,2,6,5
143,6,2,1,2,3,7,6
143,6,3,1,3,4,8,7
143,6,4,1,4,1,5,8
143,6,5,0,1,2,3,4
143,6,6,1,5,6,7,8
144,6,1,1,1,2,6,5
144,6,2,1,2,3,7,6
144,6,3,1,3,4,8,7
144,6,4,1,4,1,5,8
144,6,5,0,1,2,3,4
144,6,6,1,5,6,7,8
145,6,1,1,1,2,6,5
145,6,2,1,2,3,7,6
145,6,3,1,3,4,8,7
145,6,4,1,4,1,5,8
145,6,5,0,1,2,3,4
145,6,6,1,5,6,7,8
146,6,1,1,1,2,6,5
146,6,2,1,2,3,7,6
146,6,3,1,3,4,8,7
146,6,4,1,4,1,5,8
146,6,5,0,1,2,3,4
146,6,6,1,5,6,7,8
147,6,1,1,1,2,6,5
147,6,2,1,2,3,7,6
147,6,3,1,3,4,8,7
147,6,4,1,4,1,5,8
147,6,5,0,1,2,3,4
147,6,6,1,5,6,7,8
148,6,1,1,1,2,6,5
148,6,2,1,2,3,7,6
148,6,3,1,3,4,8,7
148,6,4,1,4,1,5,8
148,6,5,0,1,2,3,4
148,6,6,1,5,6,7,8
149,6,1,1,1,2,6,5
149,6,2,1,2,3,7,6
149,6,3,1,3,4,8,7
149,6,4,1,4,1,5,8
149,6,5,0,1,2,3,4
149,6,6,1,5,6,7,8
150,6,1,1,1,2,6,5
150,6,2,1,2,3,7,6
150,6,3,1,3,4,8,7
150,6,4,1,4,1,5,8
150,6,5,0,1,2,3,4
150,6,6,1,5,6,7,8
151,6,1,1,1,2,6,5
151,6,2,1,2,3,7,6
151,6,3,1,3,4,8,7
151,6,4,1,4,1,5,8
151,6,5,0,1,2,3,4
151,6,6,1,5,6,7,8
152,6,1,1,1,2,6,5
152,6,2,1,2,3,7,6
152,6,3,1,3,4,8,7
152,6,4,1,4,1,5,8
152,6,5,0,1,2,3,4
152,6,6,1,5,6,7,8
153,6,1,1,1,2,6,5
153,6,2,1,2,3,7,6
153,6,3,1,3,4,8,7
153,6,4,1,4,1,5,8
153,6,5,0,1,2,3,4
153,6,6,1,5,6,7,8
154,6,1,1,1,2,6,5
154,6,2,1,2,3,7,6
154,6,3,1,3,4,8,7
154,6,4,1,4,1,5,8
154,6,5,0,1,2,3,4
154,6,6,1,5,6,7,8
155,6,1,1,1,2,6,5
155,6,2,1,2,3,7,6
155,6,3,1,3,4,8,7
155,6,4,1,4,1,5,8
155,6,5,0,1,2,3,4
155,6,6,1,5,6,7,8
156,6,1,1,1,2,6,5
156,6,2,1,2,3,7,6
156,6,3,1,3,4,8,7
156,6,4,1,4,1,5,8
156,6,5,0,1,2,3,4
156,6,6,1,5,6,7,8
157,6,1,1,1,2,6,5
157,6,2,1,2,3,7,6
157,6,3,1,3,4,8,7
157,6,4,1,4,1,5,8
157,6,5,0,1,2,3,4
157,6,6,1,5,6,7,8
158,6,1,1,1,2,6,5
158,6,2,1,2,3,7,6
158,6,3,1,3,4,8,7
158,6,4,1,4,1,5,8
158,6,5,0,1,2,3,4
158,6,6,1,5,6,7,8
159,6,1,1,1,2,6,5
159,6,2,1,2,3,7,6
159,6,3,1,3,4,8,7
159,6,4,1,4,1,5,8
159,6,5,0,1,2,3,4
159,6,6,1,5,6,7,8
160,6,1,1,1,2,6,5
160,6,2,1,2,3,7,6
160,6,3,1,3,4,8,7
160,6,4,1,4,1,5,8
160,6,5,0,1,2,3,4
160,6,6,1,5,6,7,8
161,6,1,1,1,2,6,5
161,6,2,1,2,3,7,6
161,6,3,1,3,4,8,7
161,6,4,1,4,1,5,8
161,6,5,0,1,2,3,4
161,6,6,1,5,6,7,8
162,6,1,1,1,2,6,5
162,6,2,1,2,3,7,6
162,6,3,1,3,4,8,7
162,6,4,1,4,1,5,8
162,6,5,0,1,2,3,4
162,6,6,1,5,6,7,8
163,6,1,1,1,2,6,5
163,6,2,1,2,3,7,6
163,6,3,1,3,4,8,7
163,6,4,1,4,1,5,8
163,6,5,0,1,2,3,4
163,6,6,1,5,6,7,8
164,6,1,1,1,2,6,5
164,6,2,1,2,3,7,6
164,6,3,1,3,4,8,7
164,6,4,1,4,1,5,8
164,6,5,0,1,2,3,4
164,6,6,1,5,6,7,8
165,6,1,1,1,2,6,5
165,6,2,1,2,3,7,6
165,6,3,1,3,4,8,7
165,6,4,1,4,1,5,8
165,6,5,0,1,2,3,4
165,6,6,1,5,6,7,8
166,6,1,1,1,2,6,5
166,6,2,1,2,3,7,6
166,6,3,1,3,4,8,7
166,6,4,1,4,1,5,8
166,6,5,0,1,2,3,4
166,6,6,1,5,6,7,8
167,6,1,1,1,2,6,5
167,6,2,1,2,3,7,6
167,6,3,1,3,4,8,7
167,6,4,1,4,1,5,8
167,6,5,0,1,2,3,4
167,6,6,1,5,6,7,8
168,6,1,1,1,2,6,5
168,6,2,1,2,3,7,6
168,6,3,1,3,4,8,7
168,6,4,1,4,1,5,8
168,6,5,0,1,2,3,4
168,6,6,1,5,6,7,8
169,6,1,1,1,2,6,5
169,6,2,1,2,3,7,6
169,6,3,1,3,4,8,7
169,6,4,1,4,1,5,8
169,6,5,0,1,2,3,4
169,6,6,1,5,6,7,8
170,6,1,1,1,2,6,5
170,6,2,1,2,3,7,6
170,6,3,1,3,4,8,7
170,6,4,1,4,1,5,8
170,6,5,0,1,2,3,4
170,6,6,1,5,6,7,8
171,6,1,1,1,2,6,5
171,6,2,1,2,3,7,6
171,6,3,1,3,4,8,7
171,6,4,1,4,1,5,8
171,6,5,0,1,2,3,4
171,6,6,1,5,6,7,8
172,6,1,1,1,2,6,5
172,6,2,1,2,3,7,6
172,6,3,1,3,4,8,7
172,6,4,1,4,1,5,8
172,6,5,0,1,2,3,4
172,6,6,1,5,6,7,8
173,6,1,1,1,2,6,5
173,6,2,1,2,3,7,6
173,6,3,1,3,4,8,7
173,6,4,1,4,1,5,8
173,6,5,0,1,2,3,4
173,6,6,1,5,6,7,8
174,6,1,1,1,2,6,5
174,6,2,1,2,3,7,6
174,6,3,1,3,4,8,7
174,6,4,1,4,1,5,8
174,6,5,0,1,2,3,4
174,6,6,1,5,6,7,8
175,6,1,1,1,2,6,5
175,6,2,1,2,3,7,6
175,6,3,1,3,4,8,7
175,6,4,1,4,1,5,8
175,6,5,0,1,2,3,4
175,6,6,1,5,6,7,8
176,6,1,1,1,2,6,5
176,6,2,1,2,3,7,6
176,6,3,1,3,4,8,7
176,6,4,1,4,1,5,8
176,6,5,0,1,2,3,4
176,6,6,1,5,6,7,8
177,6,1,1,1,2,6,5
177,6,2,1,2,3,7,6
177,6,3,1,3,4,8,7
177,6,4,1,4,1,5,8
177,6,5,0,1,2,3,4
177,6,6,1,5,6,7,8
178,6,1,1,1,2,6,5
178,6,2,1,2,3,7,6
178,6,3,1,3,4,8,7
178,6,4,1,4,1,5,8
178,6,5,0,1,2,3,4
178,6,6,1,5,6,7,8
179,6,1,1,1,2,6,5
179,6,2,1,2,3,7,6
179,6,3,1,3,4,8,7
179,6,4,1,4,1,5,8
179,6,5,0,1,2,3,4
179,6,6,1,5,6,7,8
180,6,1,1,1,2,6,5
180,6,2,1,2,3,7,6
180,6,3,1,3,4,8,7
180,6,4,1,4,1,5,8
180,6,5,0,1,2,3,4
180,6,6,1,5,6,7,8
181,6,1,1,1,2,6,5
181,6,2,1,2,3,7,6
181,6,3,1,3,4,8,7
181,6,4,1,4,1,5,8
181,6,5,0,1,2,3,4
181,6,6,1,5,6,7,8
182,6,1,1,1,2,6,5
182,6,2,1,2,3,7,6
182,6,3,1,3,4,8,7
182,6,4,1,4,1,5,8
182,6,5,0,1,2,3,4
182,6,6,1,5,6,7,8
183,6,1,1,1,2,6,5
183,6,2,1,2,3,7,6
183,6,3,1,3,4,8,7
183,6,4,1,4,1,5,8
183,6,5,0,1,2,3,4
183,6,6,1,5,6,7,8
184,6,1,1,1,2,6,5
184,6,2,1,2,3,7,6
184,6,3,1,3,4,8,7
184,6,4,1,4,1,5,8
184,6,5,0,1,2,3,4
184,6,6,1,5,6,7,8
185,6,1,1,1,2,6,5
185,6,2,1,2,3,7,6
185,6,3,1,3,4,8,7
185,6,4,1,4,1,5,8
185,6,5,0,1,2,3,4
185,6,6,1,5,6,7,8
186,6,1,1,1,2,6,5
186,6,2,1,2,3,7,6
186,6,3,1,3,4,8,7
186,6,4,1,4,1,5,8
186,6,5,0,1,2,3,4
186,6,6,1,5,6,7,8
187,6,1,1,1,2,6,5
187,6,2,1,2,3,7,6
187,6,3,1,3,4,8,7
187,6,4,1,4,1,5,8
187,6,5,0,1,2,3,4
187,6,6,1,5,6,7,8
188,6,1,1,1,2,6,5
188,6,2,1,2,3,7,6
188,6,3,1,3,4,8,7
188,6,4,1,4,1,5,8
188,6,5,0,1,2,3,4
188,6,6,1,5,6,7,8
189,6,1,1,1,2,6,5
189,6,2,1,2,3,7,6
189,6,3,1,3,4,8,7
189,6,4,1,4,1,5,8
189,6,5,0,1,2,3,4
189,6,6,1,5,6,7,8
190,6,1,1,1,2,6,5
190,6,2,1,2,3,7,6
190,6,3,1,3,4,8,7
190,6,4,1,4,1,5,8
190,6,5,0,1,2,3,4
190,6,6,1,5,6,7,8
191,6,1,1,1,2,6,5
191,6,2,1,2,3,7,6
191,6,3,1,3,4,8,7
191,6,4,1,4,1,5,8
191,6,5,0,1,2,3,4
191,6,6,1,5,6,7,8
192,6,1,1,1,2,6,5
192,6,2,1,2,3,7,6
192,6,3,1,3,4,8,7
192,6,4,1,4,1,5,8
192,6,5,0,1,2,3,4
192,6,6,1,5,6,7,8
193,6,1,1,1,2,6,5
193,6,2,1,2,3,7,6
193,6,3,1,3,4,8,7
193,6,4,1,4,1,5,8
193,6,5,0,1,2,3,4
193,6,6,1,5,6,7,8
194,6,1,1,1,2,6,5
194,6,2,1,2,3,7,6
194,6,3,1,3,4,8,7
194,6,4,1,4,1,5,8
194,6,5,0,1,2,3,4
194,6,6,1,5,6,7,8
195,6,1,1,1,2,6,5
195,6,2,1,2,3,7,6
195,6,3,1,3,4,8,7
195,6,4,1,4,1,5,8
195,6,5,0,1,2,3,4
195,6,6,1,5,6,7,8
196,6,1,1,1,2,6,5
196,6,2,1,2,3,7,6
196,6,3,1,3,4,8,7
196,6,4,1,4,1,5,8
196,6,5,0,1,2,3,4
196,6,6,1,5,6,7,8
197,6,1,1,1,2,6,5
197,6,2,1,2,3,7,6
197,6,3,1,3,4,8,7
197,6,4,1,4,1,5,8
197,6,5,0,1,2,3,4
197,6,6,1,5,6,7,8
198,6,1,1,1,2,6,5
198,6,2,1,2,3,7,6
198,6,3,1,3,4,8,7
198,6,4,1,4,1,5,8
198,6,5,0,1,2,3,4
198,6,6,1,5,6,7,8
199,6,1,1,1,2,6,5
199,6,2,1,2,3,7,6
199,6,3,1,3,4,8,7
199,6,4,1,4,1,5,8
199,6,5,0,1,2,3,4
199,6,6,1,5,6,7,8
200,6,1,1,1,2,6,5
200,6,2,1,2,3,7,6
200,6,3,1,3,4,8,7
200,6,4,1,4,1,5,8
200,6,5,0,1,2,3,4
200,6,6,1,5,6,7,8
201,6,1,1,1,2,6,5
201,6,2,1,2,3,7,6
201,6,3,1,3,4,8,7
201,6,4,1,4,1,5,8
201,6,5,0,1,2,3,4
201,6,6,1,5,6,7,8
202,6,1,1,1,2,6,5
202,6,2,1,2,3,7,6
202,6,3,1,3,4,8,7
202,6,4,1,4,1,5,8
202,6,5,0,1,2,3,4
202,6,6,1,5,6,7,8
203,6,1,1,1,2,6,5
203,6,2,1,2,3,7,6
203,6,3,1,3,4,8,7
203,6,4,1,4,1,5,8
203,6,5,0,1,2,3,4
203,6,6,1,5,6,7,8
204,6,1,1,1,2,6,5
204,6,2,1,2,3,7,6
204,6,3,1,3,4,8,7
204,6,4,1,4,1,5,8
204,6,5,0,1,2,3,4
204,6,6,1,5,6,7,8
205,6,1,1,1,2,6,5
205,6,2,1,2,3,7,6
205,6,3,1,3,4,8,7
205,6,4,1,4,1,5,8
205,6,5,0,1,2,3,4
205,6,6,1,5,6,7,8
206,6,1,1,1,2,6,5
206,6,2,1,2,3,7,6
206,6,3,1,3,4,8,7
206,6,4,1,4,1,5,8
206,6,5,0,1,2,3,4
206,6,6,1,5,6,7,8
207,6,1,1,1,2,6,5
207,6,2,1,2,3,7,6
207,6,3,1,3,4,8,7
207,6,4,1,4,1,5,8
207,6,5,0,1,2,3,4
207,6,6,1,5,6,7,8
208,6,1,1,1,2,6,5
208,6,2,1,2,3,7,6
208,6,3,1,3,4,8,7
208,6,4,1,4,1,5,8
208,6,5,0,1,2,3,4
208,6,6,1,5,6,7,8
209,6,1,1,1,2,6,5
209,6,2,1,2,3,7,6
209,6,3,1,3,4,8,7
209,6,4,1,4,1,5,8
209,6,5,0,1,2,3,4
209,6,6,1,5,6,7,8
210,6,1,1,1,2,6,5
210,6,2,1,2,3,7,6
210,6,3,1,3,4,8,7
210,6,4,1,4,1,5,8
210,6,5,0,1,2,3,4
210,6,6,1,5,6,7,8
211,6,1,1,1,2,6,5
211,6,2,1,2,3,7,6
211,6,3,1,3,4,8,7
211,6,4,1,4,1,5,8
211,6,5,0,1,2,3,4
211,6,6,1,5,6,7,8
212,6,1,1,1,2,6,5
212,6,2,1,2,3,7,6
212,6,3,1,3,4,8,7
212,6,4,1,4,1,5,8
212,6,5,0,1,2,3,4
212,6,6,1,5,6,7,8
213,6,1,1,1,2,6,5
213,6,2,1,2,3,7,6
213,6,3,1,3,4,8,7
213,6,4,1,4,1,5,8
213,6,5,0,1,2,3,4
213,6,6,1,5,6,7,8
214,6,1,1,1,2,6,5
214,6,2,1,2,3,7,6
214,6,3,1,3,4,8,7
214,6,4,1,4,1,5,8
214,6,5,0,1,2,3,4
214,6,6,1,5,6,7,8
215,6,1,1,1,2,6,5
215,6,2,1,2,3,7,6
215,6,3,1,3,4,8,7
215,6,4,1,4,1,5,8
215,6,5,0,1,2,3,4
215,6,6,1,5,6,7,8
216,6,1,1,1,2,6,5
216,6,2,1,2,3,7,6
216,6,3,1,3,4,8,7
216,6,4,1,4,1,5,8
216,6,5,0,1,2,3,4
216,6,6,1,5,6,7,8
217,6,1,1,1,2,6,5
217,6,2,1,2,3,7,6
217,6,3,1,3,4,8,7
217,6,4,1,4,1,5,8
217,6,5,0,1,2,3,4
217,6,6,1,5,6,7,8
218,6,1,1,1,2,6,5
218,6,2,1,2,3,7,6
218,6,3,1,3,4,8,7
218,6,4,1,4,1,5,8
218,6,5,0,1,2,3,4
218,6,6,1,5,6,7,8
219,6,1,1,1,2,6,5
219,6,2,1,2,3,7,6
219,6,3,1,3,4,8,7
219,6,4,1,4,1,5,8
219,6,5,0,1,2,3,4
219,6,6,1,5,6,7,8
220,6,1,1,1,2,6,5
220,6,2,1,2,3,7,6
220,6,3,1,3,4,8,7
220,6,4,1,4,1,5,8
220,6,5,0,1,2,3,4
220,6,6,1,5,6,7,8
221,6,1,1,1,2,6,5
221,6,2,1,2,3,7,6
221,6,3,1,3,4,8,7
221,6,4,1,4,1,5,8
221,6,5,0,1,2,3,4
221,6,6,1,5,6,7,8
222,6,1,1,1,2,6,5
222,6,2,1,2,3,7,6
222,6,3,1,3,4,8,7
222,6,4,1,4,1,5,8
222,6,5,0,1,2,3,4
222,6,6,1,5,6,7,8
223,6,1,1,1,2,6,5
223,6,2,1,2,3,7,6
223,6,3,1,3,4,8,7
223,6,4,1,4,1,5,8
223,6,5,0,1,2,3,4
223,6,6,1,5,6,7,8
224,6,1,1,1,2,6,5
224,6,2,1,2,3,7,6
224,6,3,1,3,4,8,7
224,6,4,1,4,1,5,8
224,6,5,0,1,2,3,4
224,6,6,1,5,6,7,8
225,6,1,1,1,2,6,5
225,6,2,1,2,3,7,6
225,6,3,1,3,4,8,7
225,6,4,1,4,1,5,8
225,6,5,0,1,2,3,4
225,6,6,1,5,6,7,8
226,6,1,1,1,2,6,5
226,6,2,1,2,3,7,6
226,6,3,1,3,4,8,7
226,6,4,1,4,1,5,8
226,6,5,0,1,2,3,4
226,6,6,1,5,6,7,8
227,6,1,1,1,2,6,5
227,6,2,1,2,3,7,6
227,6,3,1,3,4,8,7
227,6,4,1,4,1,5,8
227,6,5,0,1,2,3,4
227,6,6,1,5,6,7,8
228,6,1,1,1,2,6,5
228,6,2,1,2,3,7,6
228,6,3,1,3,4,8,7
228,6,4,1,4,1,5,8
228,6,5,0,1,2,3,4
228,6,6,1,5,6,7,8
229,6,1,1,1,2,6,5
229,6,2,1,2,3,7,6
229,6,3,1,3,4,8,7
229,6,4,1,4,1,5,8
229,6,5,0,1,2,3,4
229,6,6,1,5,6,7,8
230,6,1,1,1,2,6,5
230,6,2,1,2,3,7,6
230,6,3,1,3,4,8,7
230,6,4,1,4,1,5,8
230,6,5,0,1,2,3,4
230,6,6,1,5,6,7,8
231,6,1,1,1,2,6,5
231,6,2,1,2,3,7,6
231,6,3,1,3,4,8,7
231,6,4,1,4,1,5,8
231,6,5,0,1,2,3,4
231,6,6,1,5,6,7,8
232,6,1,1,1,2,6,5
232,6,2,1,2,3,7,6
232,6,3,1,3,4,8,7
232,6,4,1,4,1,5,8
232,6,5,0,1,2,3,4
232,6,6,1,5,6,7,8
233,6,1,1,1,2,6,5
233,6,2,1,2,3,7,6
233,6,3,1,3,4,8,7
233,6,4,1,4,1,5,8
233,6,5,0,1,2,3,4
233,6,6,1,5,6,7,8
234,6,1,1,1,2,6,5
234,6,2,1,2,3,7,6
234,6,3,1,3,4,8,7
234,6,4,1,4,1,5,8
234,6,5,0,1,2,3,4
234,6,6,1,5,6,7,8
235,6,1,1,1,2,6,5
235,6,2,1,2,3,7,6
235,6,3,1,3,4,8,7
235,6,4,1,4,1,5,8
235,6,5,0,1,2,3,4
235,6,6,1,5,6,7,8
236,6,1,1,1,2,6,5
236,6,2,1,2,3,7,6
236,6,3,1,3,4,8,7
236,6,4,1,4,1,5,8
236,6,5,0,1,2,3,4
236,6,6,1,5,6,7,8
237,6,1,1,1,2,6,5
237,6,2,1,2,3,7,6
237,6,3,1,3,4,8,7
237,6,4,1,4,1,5,8
237,6,5,0,1,2,3,4
237,6,6,1,5,6,7,8
238,6,1,1,1,2,6,5
238,6,2,1,2,3,7,6
238,6,3,1,3,4,8,7
238,6,4,1,4,1,5,8
238,6,5,0,1,2,3,4
238,6,6,1,5,6,7,8
239,6,1,1,1,2,6,5
239,6,2,1,2,3,7,6
239,6,3,1,3,4,8,7
239,6,4,1,4,1,5,8
239,6,5,0,1,2,3,4
239,6,6,1,5,6,7,8
240,6,1,1,1,2,6,5
240,6,2,1,2,3,7,6
240,6,3,1,3,4,8,7
240,6,4,1,4,1,5,8
240,6,5,0,1,2,3,4
240,6,6,1,5,6,7,8
241,6,1,1,1,2,6,5
241,6,2,1,2,3,7,6
241,6,3,1,3,4,8,7
241,6,4,1,4,1,5,8
241,6,5,0,1,2,3,4
241,6,6,1,5,6,7,8
242,6,1,1,1,2,6,5
242,6,2,1,2,3,7,6
242,6,3,1,3,4,8,7
242,6,4,1,4,1,5,8
242,6,5,0,1,2,3,4
242,6,6,1,5,6,7,8
243,6,1,1,1,2,6,5
243,6,2,1,2,3,7,6
243,6,3,1,3,4,8,7
243,6,4,1,4,1,5,8
243,6,5,0,1,2,3,4
243,6,6,1,5,6,7,8
244,6,1,1,1,2,6,5
244,6,2,1,2,3,7,6
244,6,3,1,3,4,8,7
244,6,4,1,4,1,5,8
244,6,5,0,1,2,3,4
244,6,6,1,5,6,7,8
245,6,1,1,1,2,6,5
245,6,2,1,2,3,7,6
245,6,3,1,3,4,8,7
245,6,4,1,4,1,5,8
245,6,5,0,1,2,3,4
245,6,6,1,5,6,7,8
246,6,1,1,1,2,6,5
246,6,2,1,2,3,7,6
246,6,3,1,3,4,8,7
246,6,4,1,4,1,5,8
246,6,5,0,1,2,3,4
246,6,6,1,5,6,7,8
247,6,1,1,1,2,6,5
247,6,2,1,2,3,7,6
247,6,3,1,3,4,8,7
247,6,4,1,4,1,5,8
247,6,5,0,1,2,3,4
247,6,6,1,5,6,7,8
248,6,1,1,1,2,6,5
248,6,2,1,2,3,7,6
248,6,3,1,3,4,8,7
248,6,4,1,4,1,5,8
248,6,5,0,1,2,3,4
248,6,6,1,5,6,7,8
249,6,1,1,1,2,6,5
249,6,2,1,2,3,7,6
249,6,3,1,3,4,8,7
249,6,4,1,4,1,5,8
249,6,5,0,1,2,3,4
249,6,6,1,5,6,7,8
250,6,1,1,1,2,6,5
250,6,2,1,2,3,7,6
250,6,3,1,3,4,8,7
250,6,4,1,4,1,5,8
250,6,5,0,1,2,3,4
250,6,6,1,5,6,7,8
251,6,1,1,1,2,6,5
251,6,2,1,2,3,7,6
251,6,3,1,3,4,8,7
251,6,4,1,4,1,5,8
251,6,5,0,1,2,3,4
251,6,6,1,5,6,7,8
252,6,1,1,1,2,6,5
252,6,2,1,2,3,7,6
252,6,3,1,3,4,8,7
252,6,4,1,4,1,5,8
252,6,5,0,1,2,3,4
252,6,6,1,5,6,7,8
253,6,1,1,1,2,6,5
253,6,2,1,2,3,7,6
253,6,3,1,3,4,8,7
253,6,4,1,4,1,5,8
253,6,5,0,1,2,3,4
253,6,6,1,5,6,7,8
254,6,1,1,1,2,6,5
254,6,2,1,2,3,7,6
254,6,3,1,3,4,8,7
254,6,4,1,4,1,5,8
254,6,5,0,1,2,3,4
254,6,6,1,5,6,7,8
255,6,1,1,1,2,6,5
255,6,2,1,2,3,7,6
255,6,3,1,3,4,8,7
255,6,4,1,4,1,5,8
255,6,5,0,1,2,3,4
255,6,6,1,5,6,7,8
256,6,1,1,1,2,6,5
256,6,2,1,2,3,7,6
256,6,3,1,3,4,8,7
256,6,4,1,4,1,5,8
256,6,5,0,1,2,3,4
256,6,6,1,5,6,7,8
257,6,1,1,1,2,6,5
257,6,2,1,2,3,7,6
257,6,3,1,3,4,8,7
257,6,4,1,4,1,5,8
257,6,5,0,1,2,3,4
257,6,6,1,5,6,7,8
258,6,1,1,1,2,6,5
258,6,2,1,2,3,7,6
258,6,3,1,3,4,8,7
258,6,4,1,4,1,5,8
258,6,5,0,1,2,3,4
258,6,6,1,5,6,7,8
259,6,1,1,1,2,6,5
259,6,2,1,2,3,7,6
259,6,3,1,3,4,8,7
259,6,4,1,4,1,5,8
259,6,5,0,1,2,3,4
259,6,6,1,5,6,7,8
260,6,1,1,1,2,6,5
260,6,2,1,2,3,7,6
260,6,3,1,3,4,8,7
260,6,4,1,4,1,5,8
260,6,5,0,1,2,3,4
260,6,6,1,5,6,7,8
261,6,1,1,1,2,6,5
261,6,2,1,2,3,7,6
261,6,3,1,3,4,8,7
261,6,4,1,4,1,5,8
261,6,5,0,1,2,3,4
261,6,6,1,5,6,7,8
262,6,1,1,1,2,6,5
262,6,2,1,2,3,7,6
262,6,3,1,3,4,8,7
262,6,4,1,4,1,5,8
262,6,5,0,1,2,3,4
262,6,6,1,5,6,7,8
263,6,1,1,1,2,6,5
263,6,2,1,2,3,7,6
263,6,3,1,3,4,8,7
263,6,4,1,4,1,5,8
263,6,5,0,1,2,3,4
263,6,6,1,5,6,7,8
264,6,1,1,1,2,6,5
264,6,2,1,2,3,7,6
264,6,3,1,3,4,8,7
264,6,4,1,4,1,5,8
264,6,5,0,1,2,3,4
264,6,6,1,5,6,7,8
265,6,1,1,1,2,6,5
265,6,2,1,2,3,7,6
265,6,3,1,3,4,8,7
265,6,4,1,4,1,5,8
265,6,5,0,1,2,3,4
265,6,6,1,5,6,7,8
266,6,1,1,1,2,6,5
266,6,2,1,2,3,7,6
266,6,3,1,3,4,8,7
266,6,4,1,4,1,5,8
266,6,5,0,1,2,3,4
266,6,6,1,5,6,7,8
267,6,1,1,1,2,6,5
267,6,2,1,2,3,7,6
267,6,3,1,3,4,8,7
267,6,4,1,4,1,5,8
267,6,5,0,1,2,3,4
267,6,6,1,5,6,7,8
268,6,1,1,1,2,6,5
268,6,2,1,2,3,7,6
268,6,3,1,3,4,8,7
268,6,4,1,4,1,5,8
268,6,5,0,1,2,3,4
268,6,6,1,5,6,7,8
269,6,1,1,1,2,6,5
269,6,2,1,2,3,7,6
269,6,3,1,3,4,8,7
269,6,4,1,4,1,5,8
269,6,5,0,1,2,3,4
269,6,6,1,5,6,7,8
270,6,1,1,1,2,6,5
270,6,2,1,2,3,7,6
270,6,3,1,3,4,8,7
270,6,4,1,4,1,5,8
270,6,5,0,1,2,3,4
270,6,6,1,5,6,7,8
271,6,1,1,1,2,6,5
271,6,2,1,2,3,7,6
271,6,3,1,3,4,8,7
271,6,4,1,4,1,5,8
271,6,5,0,1,2,3,4
271,6,6,1,5,6,7,8
272,6,1,1,1,2,6,5
272,6,2,1,2,3,7,6
272,6,3,1,3,4,8,7
272,6,4,1,4,1,5,8
272,6,5,0,1,2,3,4
272,6,6,1,5,6,7,8
273,6,1,1,1,2,6,5
273,6,2,1,2,3,7,6
273,6,3,1,3,4,8,7
273,6,4,1,4,1,5,8
273,6,5,0,1,2,3,4
273,6,6,1,5,6,7,8
274,6,1,1,1,2,6,5
274,6,2,1,2,3,7,6
274,6,3,1,3,4,8,7
274,6,4,1,4,1,5,8
274,6,5,0,1,2,3,4
274,6,6,1,5,6,7,8
275,6,1,1,1,2,6,5
275,6,2,1,2,3,7,6
275,6,3,1,3,4,8,7
275,6,4,1,4,1,5,8
275,6,5,0,1,2,3,4
275,6,6,1,5,6,7,8
276,6,1,1,1,2,6,5
276,6,2,1,2,3,7,6
276,6,3,1,3,4,8,7
276,6,4,1,4,1,5,8
276,6,5,0,1,2,3,4
276,6,6,1,5,6,7,8
277,6,1,1,1,2,6,5
277,6,2,1,2,3,7,6
277,6,3,1,3,4,8,7
277,6,4,1,4,1,5,8
277,6,5,0,1,2,3,4
277,6,6,1,5,6,7,8
278,6,1,1,1,2,6,5
278,6,2,1,2,3,7,6
278,6,3,1,3,4,8,7
278,6,4,1,4,1,5,8
278,6,5,0,1,2,3,4
278,6,6,1,5,6,7,8
279,6,1,1,1,2,6,5
279,6,2,1,2,3,7,6
279,6,3,1,3,4,8,7
279,6,4,1,4,1,5,8
279,6,5,0,1,2,3,4
279,6,6,1,5,6,7,8
280,6,1,1,1,2,6,5
280,6,2,1,2,3,7,6
280,6,3,1,3,4,8,7
280,6,4,1,4,1,5,8
280,6,5,0,1,2,3,4
280,6,6,1,5,6,7,8
281,6,1,1,1,2,6,5
281,6,2,1,2,3,7,6
281,6,3,1,3,4,8,7
281,6,4,1,4,1,5,8
281,6,5,0,1,2,3,4
281,6,6,1,5,6,7,8
282,6,1,1,1,2,6,5
282,6,2,1,2,3,7,6
282,6,3,1,3,4,8,7
282,6,4,1,4,1,5,8
282,6,5,0,1,2,3,4
282,6,6,1,5,6,7,8
283,6,1,1,1,2,6,5
283,6,2,1,2,3,7,6
283,6,3,1,3,4,8,7
283,6,4,1,4,1,5,8
283,6,5,0,1,2,3,4
283,6,6,1,5,6,7,8
284,6,1,1,1,2,6,5
284,6,2,1,2,3,7,6
284,6,3,1,3,4,8,7
284,6,4,1,4,1,5,8
284,6,5,0,1,2,3,4
284,6,6,1,5,6,7,8
285,6,1,1,1,2,6,5
285,6,2,1,2,3,7,6
285,6,3,1,3,4,8,7
285,6,4,1,4,1,5,8
285,6,5,0,1,2,3,4
285,6,6,1,5,6,7,8
286,6,1,1,1,2,6,5
286,6,2,1,2,3,7,6
286,6,3,1,3,4,8,7
286,6,4,1,4,1,5,8
286,6,5,0,1,2,3,4
286,6,6,1,5,6,7,8
287,6,1,1,1,2,6,5
287,6,2,1,2,3,7,6
287,6,3,1,3,4,8,7
287,6,4,1,4,1,5,8
287,6,5,0,1,2,3,4
287,6,6,1,5,6,7,8
288,6,1,1,1,2,6,5
288,6,2,1,2,3,7,6
288,6,3,1,3,4,8,7
288,6,4,1,4,1,5,8
288,6,5,0,1,2,3,4
288,6,6,1,5,6,7,8
289,6,1,1,1,2,6,5
289,6,2,1,2,3,7,6
289,6,3,1,3,4,8,7
289,6,4,1,4,1,5,8
289,6,5,0,1,2,3,4
289,6,6,1,5,6,7,8
290,6,1,1,1,2,6,5
290,6,2,1,2,3,7,6
290,6,3,1,3,4,8,7
290,6,4,1,4,1,5,8
290,6,5,0,1,2,3,4
290,6,6,1,5,6,7,8
291,6,1,1,1,2,6,5
291,6,2,1,2,3,7,6
291,6,3,1,3,4,8,7
291,6,4,1,4,1,5,8
291,6,5,0,1,2,3,4
291,6,6,1,5,6,7,8
292,6,1,1,1,2,6,5
292,6,2,1,2,3,7,6
292,6,3,1,3,4,8,7
292,6,4,1,4,1,5,8
292,6,5,0,1,2,3,4
292,6,6,1,5,6,7,8
293,6,1,1,1,2,6,5
293,6,2,1,2,3,7,6
293,6,3,1,3,4,8,7
293,6,4,1,4,1,5,8
293,6,5,0,1,2,3,4
293,6,6,1,5,6,7,8
294,6,1,1,1,2,6,5
294,6,2,1,2,3,7,6
294,6,3,1,3,4,8,7
294,6,4,1,4,1,5,8
294,6,5,0,1,2,3,4
294,6,6,1,5,6,7,8
295,6,1,1,1,2,6,5
295,6,2,1,2,3,7,6
295,6,3,1,3,4,8,7
295,6,4,1,4,1,5,8
295,6,5,0,1,2,3,4
295,6,6,1,5,6,7,8
296,6,1,1,1,2,6,5
296,6,2,1,2,3,7,6
296,6,3,1,3,4,8,7
296,6,4,1,4,1,5,8
296,6,5,0,1,2,3,4
296,6,6,1,5,6,7,8
297,6,1,1,1,2,6,5
297,6,2,1,2,3,7,6
297,6,3,1,3,4,8,7
297,6,4,1,4,1,5,8
297,6,5,0,1,2,3,4
297,6,6,1,5,6,7,8
298,6,1,1,1,2,6,5
298,6,2,1,2,3,7,6
298,6,3,1,3,4,8,7
298,6,4,1,4,1,5,8
298,6,5,0,1,2,3,4
298,6,6,1,5,6,7,8
299,6,1,1,1,2,6,5
299,6,2,1,2,3,7,6
299,6,3,1,3,4,8,7
299,6,4,1,4,1,5,8
299,6,5,0,1,2,3,4
299,6,6,1,5,6,7,8
300,6,1,1,1,2,6,5
300,6,2,1,2,3,7,6
300,6,3,1,3,4,8,7
300,6,4,1,4,1,5,8
300,6,5,0,1,2,3,4
300,6,6,1,5,6,7,8
301,6,1,1,1,2,6,5
301,6,2,1,2,3,7,6
301,6,3,1,3,4,8,7
301,6,4,1,4,1,5,8
301,6,5,0,1,2,3,4
301,6,6,1,5,6,7,8
302,6,1,1,1,2,6,5
302,6,2,1,2,3,7,6
302,6,3,1,3,4,8,7
302,6,4,1,4,1,5,8
302,6,5,0,1,2,3,4
302,6,6,1,5,6,7,8
303,6,1,1,1,2,6,5
303,6,2,1,2,3,7,6
303,6,3,1,3,4,8,7
303,6,4,1,4,1,5,8
303,6,5,0,1,2,3,4
303,6,6,1,5,6,7,8
304,6,1,1,1,2,6,5
304,6,2,1,2,3,7,6
304,6,3,1,3,4,8,7
304,6,4,1,4,1,5,8
304,6,5,0,1,2,3,4
304,6,6,1,5,6,7,8
305,6,1,1,1,2,6,5
305,6,2,1,2,3,7,6
305,6,3,1,3,4,8,7
305,6,4,1,4,1,5,8
305,6,5,0,1,2,3,4
305,6,6,1,5,6,7,8
306,6,1,1,1,2,6,5
306,6,2,1,2,3,7,6
306,6,3,1,3,4,8,7
306,6,4,1,4,1,5,8
306,6,5,0,1,2,3,4
306,6,6,1,5,6,7,8
307,6,1,1,1,2,6,5
307,6,2,1,2,3,7,6
307,6,3,1,3,4,8,7
307,6,4,1,4,1,5,8
307,6,5,0,1,2,3,4
307,6,6,1,5,6,7,8
308,6,1,1,1,2,6,5
308,6,2,1,2,3,7,6
308,6,3,1,3,4,8,7
308,6,4,1,4,1,5,8
308,6,5,0,1,2,3,4
308,6,6,1,5,6,7,8
309,6,1,1,1,2,6,5
309,6,2,1,2,3,7,6
309,6,3,1,3,4,8,7
309,6,4,1,4,1,5,8
309,6,5,0,1,2,3,4
309,6,6,1,5,6,7,8
310,6,1,1,1,2,6,5
310,6,2,1,2,3,7,6
310,6,3,1,3,4,8,7
310,6,4,1,4,1,5,8
310,6,5,0,1,2,3,4
310,6,6,1,5,6,7,8
311,6,1,1,1,2,6,5
311,6,2,1,2,3,7,6
311,6,3,1,3,4,8,7
311,6,4,1,4,1,5,8
311,6,5,0,1,2,3,4
311,6,6,1,5,6,7,8
312,6,1,1,1,2,6,5
312,6,2,1,2,3,7,6
312,6,3,1,3,4,8,7
312,6,4,1,4,1,5,8
312,6,5,0,1,2,3,4
312,6,6,1,5,6,7,8
313,6,1,1,1,2,6,5
313,6,2,1,2,3,7,6
313,6,3,1,3,4,8,7
313,6,4,1,4,1,5,8
313,6,5,0,1,2,3,4
313,6,6,1,5,6,7,8
314,6,1,1,1,2,6,5
314,6,2,1,2,3,7,6
314,6,3,1,3,4,8,7
314,6,4,1,4,1,5,8
314,6,5,0,1,2,3,4
314,6,6,1,5,6,7,8
315,6,1,1,1,2,6,5
315,6,2,1,2,3,7,6
315,6,3,1,3,4,8,7
315,6,4,1,4,1,5,8
315,6,5,0,1,2,3,4
315,6,6,1,5,6,7,8
316,6,1,1,1,2,6,5
316,6,2,1,2,3,7,6
316,6,3,1,3,4,8,7
316,6,4,1,4,1,5,8
316,6,5,0,1,2,3,4
316,6,6,1,5,6,7,8
317,6,1,1,1,2,6,5
317,6,2,1,2,3,7,6
317,6,3,1,3,4,8,7
317,6,4,1,4,1,5,8
317,6,5,0,1,2,3,4
317,6,6,1,5,6,7,8
318,6,1,1,1,2,6,5
318,6,2,1,2,3,7,6
318,6,3,1,3,4,8,7
318,6,4,1,4,1,5,8
318,6,5,0,1,2,3,4
318,6,6,1,5,6,7,8
319,6,1,1,1,2,6,5
319,6,2,1,2,3,7,6
319,6,3,1,3,4,8,7
319,6,4,1,4,1,5,8
319,6,5,0,1,2,3,4
319,6,6,1,5,6,7,8
320,6,1,1,1,2,6,5
320,6,2,1,2,3,7,6
320,6,3,1,3,4,8,7
320,6,4,1,4,1,5,8
320,6,5,0,1,2,3,4
320,6,6,1,5,6,7,8
321,6,1,1,1,2,6,5
321,6,2,1,2,3,7,6
321,6,3,1,3,4,8,7
321,6,4,1,4,1,5,8
321,6,5,0,1,2,3,4
321,6,6,1,5,6,7,8
322,6,1,1,1,2,6,5
322,6,2,1,2,3,7,6
322,6,3,1,3,4,8,7
322,6,4,1,4,1,5,8
322,6,5,0,1,2,3,4
322,6,6,1,5,6,7,8
323,6,1,1,1,2,6,5
323,6,2,1,2,3,7,6
323,6,3,1,3,4,8,7
323,6,4,1,4,1,5,8
323,6,5,0,1,2,3,4
323,6,6,1,5,6,7,8
324,6,1,1,1,2,6,5
324,6,2,1,2,3,7,6
324,6,3,1,3,4,8,7
324,6,4,1,4,1,5,8
324,6,5,0,1,2,3,4
324,6,6,1,5,6,7,8
325,6,1,1,1,2,6,5
325,6,2,1,2,3,7,6
325,6,3,1,3,4,8,7
325,6,4,1,4,1,5,8
325,6,5,0,1,2,3,4
325,6,6,1,5,6,7,8
326,6,1,1,1,2,6,5
326,6,2,1,2,3,7,6
326,6,3,1,3,4,8,7
326,6,4,1,4,1,5,8
326,6,5,0,1,2,3,4
326,6,6,1,5,6,7,8
327,6,1,1,1,2,6,5
327,6,2,1,2,3,7,6
327,6,3,1,3,4,8,7
327,6,4,1,4,1,5,8
327,6,5,0,1,2,3,4
327,6,6,1,5,6,7,8
328,6,1,1,1,2,6,5
328,6,2,1,2,3,7,6
328,6,3,1,3,4,8,7
328,6,4,1,4,1,5,8
328,6,5,0,1,2,3,4
328,6,6,1,5,6,7,8
329,6,1,1,1,2,6,5
329,6,2,1,2,3,7,6
329,6,3,1,3,4,8,7
329,6,4,1,4,1,5,8
329,6,5,0,1,2,3,4
329,6,6,1,5,6,7,8
330,6,1,1,1,2,6,5
330,6,2,1,2,3,7,6
330,6,3,1,3,4,8,7
330,6,4,1,4,1,5,8
330,6,5,0,1,2,3,4
330,6,6,1,5,6,7,8
331,6,1,1,1,2,6,5
331,6,2,1,2,3,7,6
331,6,3,1,3,4,8,7
331,6,4,1,4,1,5,8
331,6,5,0,1,2,3,4
331,6,6,1,5,6,7,8
332,6,1,1,1,2,6,5
332,6,2,1,2,3,7,6
332,6,3,1,3,4,8,7
332,6,4,1,4,1,5,8
332,6,5,0,1,2,3,4
332,6,6,1,5,6,7,8
333,6,1,1,1,2,6,5
333,6,2,1,2,3,7,6
333,6,3,1,3,4,8,7
333,6,4,1,4,1,5,8
333,6,5,0,1,2,3,4
333,6,6,1,5,6,7,8
334,6,1,1,1,2,6,5
334,6,2,1,2,3,7,6
334,6,3,1,3,4,8,7
334,6,4,1,4,1,5,8
334,6,5,0,1,2,3,4
334,6,6,1,5,6,7,8
335,6,1,1,1,2,6,5
335,6,2,1,2,3,7,6
335,6,3,1,3,4,8,7
335,6,4,1,4,1,5,8
335,6,5,0,1,2,3,4
335,6,6,1,5,6,7,8
336,6,1,1,1,2,6,5
336,6,2,1,2,3,7,6
336,6,3,1,3,4,8,7
336,6,4,1,4,1,5,8
336,6,5,0,1,2,3,4
336,6,6,1,5,6,7,8
337,6,1,1,1,2,6,5
337,6,2,1,2,3,7,6
337,6,3,1,3,4,8,7
337,6,4,1,4,1,5,8
337,6,5,0,1,2,3,4
337,6,6,1,5,6,7,8
338,6,1,1,1,2,6,5
338,6,2,1,2,3,7,6
338,6,3,1,3,4,8,7
338,6,4,1,4,1,5,8
338,6,5,0,1,2,3,4
338,6,6,1,5,6,7,8
339,6,1,1,1,2,6,5
339,6,2,1,2,3,7,6
339,6,3,1,3,4,8,7
339,6,4,1,4,1,5,8
339,6,5,0,1,2,3,4
339,6,6,1,5,6,7,8
340,6,1,1,1,2,6,5
340,6,2,1,2,3,7,6
340,6,3,1,3,4,8,7
340,6,4,1,4,1,5,8
340,6,5,0,1,2,3,4
340,6,6,1,5,6,7,8
341,6,1,1,1,2,6,5
341,6,2,1,2,3,7,6
341,6,3,1,3,4,8,7
341,6,4,1,4,1,5,8
341,6,5,0,1,2,3,4
341,6,6,1,5,6,7,8
342,6,1,1,1,2,6,5
342,6,2,1,2,3,7,6
342,6,3,1,3,4,8,7
342,6,4,1,4,1,5,8
342,6,5,0,1,2,3,4
342,6,6,1,5,6,7,8
343,6,1,1,1,2,6,5
343,6,2,1,2,3,7,6
343,6,3,1,3,4,8,7
343,6,4,1,4,1,5,8
343,6,5,0,1,2,3,4
343,6,6,1,5,6,7,8
344,6,1,1,1,2,6,5
344,6,2,1,2,3,7,6
344,6,3,1,3,4,8,7
344,6,4,1,4,1,5,8
344,6,5,0,1,2,3,4
344,6,6,1,5,6,7,8
345,6,1,1,1,2,6,5
345,6,2,1,2,3,7,6
345,6,3,1,3,4,8,7
345,6,4,1,4,1,5,8
345,6,5,0,1,2,3,4
345,6,6,1,5,6,7,8
346,6,1,1,1,2,6,5
346,6,2,1,2,3,7,6
346,6,3,1,3,4,8,7
346,6,4,1,4,1,5,8
346,6,5,0,1,2,3,4
346,6,6,1,5,6,7,8
347,6,1,1,1,2,6,5
347,6,2,1,2,3,7,6
347,6,3,1,3,4,8,7
347,6,4,1,4,1,5,8
347,6,5,0,1,2,3,4
347,6,6,1,5,6,7,8
348,6,1,1,1,2,6,5
348,6,2,1,2,3,7,6
348,6,3,1,3,4,8,7
348,6,4,1,4,1,5,8
348,6,5,0,1,2,3,4
348,6,6,1,5,6,7,8
349,6,1,1,1,2,6,5
349,6,2,1,2,3,7,6
349,6,3,1,3,4,8,7
349,6,4,1,4,1,5,8
349,6,5,0,1,2,3,4
349,6,6,1,5,6,7,8
350,6,1,1,1,2,6,5
350,6,2,1,2,3,7,6
350,6,3,1,3,4,8,7
350,6,4,1,4,1,5,8
350,6,5,0,1,2,3,4
350,6,6,1,5,6,7,8
351,6,1,1,1,2,6,5
351,6,2,1,2,3,7,6
351,6,3,1,3,4,8,7
351,6,4,1,4,1,5,8
351,6,5,0,1,2,3,4
351,6,6,1,5,6,7,8
352,6,1,1,1,2,6,5
352,6,2,1,2,3,7,6
352,6,3,1,3,4,8,7
352,6,4,1,4,1,5,8
352,6,5,0,1,2,3,4
352,6,6,1,5,6,7,8
353,6,1,1,1,2,6,5
353,6,2,1,2,3,7,6
353,6,3,1,3,4,8,7
353,6,4,1,4,1,5,8
353,6,5,0,1,2,3,4
353,6,6,1,5,6,7,8
354,6,1,1,1,2,6,5
354,6,2,1,2,3,7,6
354,6,3,1,3,4,8,7
354,6,4,1,4,1,5,8
354,6,5,0,1,2,3,4
354,6,6,1,5,6,7,8
355,6,1,1,1,2,6,5
355,6,2,1,2,3,7,6
355,6,3,1,3,4,8,7
355,6,4,1,4,1,5,8
355,6,5,0,1,2,3,4
355,6,6,1,5,6,7,8
356,6,1,1,1,2,6,5
356,6,2,1,2,3,7,6
356,6,3,1,3,4,8,7
356,6,4,1,4,1,5,8
356,6,5,0,1,2,3,4
356,6,6,1,5,6,7,8
357,6,1,1,1,2,6,5
357,6,2,1,2,3,7,6
357,6,3,1,3,4,8,7
357,6,4,1,4,1,5,8
357,6,5,0,1,2,3,4
357,6,6,1,5,6,7,8
358,6,1,1,1,2,6,5
358,6,2,1,2,3,7,6
358,6,3,1,3,4,8,7
358,6,4,1,4,1,5,8
358,6,5,0,1,2,3,4
358,6,6,1,5,6,7,8
359,6,1,1,1,2,6,5
359,6,2,1,2,3,7,6
359,6,3,1,3,4,8,7
359,6,4,1,4,1,5,8
359,6,5,0,1,2,3,4
359,6,6,1,5,6,7,8
360,6,1,1,1,2,6,5
360,6,2,1,2,3,7,6
360,6,3,1,3,4,8,7
360,6,4,1,4,1,5,8
360,6,5,0,1,2,3,4
360,6,6,1,5,6,7,8
361,6,1,1,1,2,6,5
361,6,2,1,2,3,7,6
361,6,3,1,3,4,8,7
361,6,4,1,4,1,5,8
361,6,5,0,1,2,3,4
361,6,6,1,5,6,7,8
362,6,1,1,1,2,6,5
362,6,2,1,2,3,7,6
362,6,3,1,3,4,8,7
362,6,4,1,4,1,5,8
362,6,5,0,1,2,3,4
362,6,6,1,5,6,7,8
363,6,1,1,1,2,6,5
363,6,2,1,2,3,7,6
363,6,3,1,3,4,8,7
363,6,4,1,4,1,5,8
363,6,5,0,1,2,3,4
363,6,6,1,5,6,7,8
364,6,1,1,1,2,6,5
364,6,2,1,2,3,7,6
364,6,3,1,3,4,8,7
364,6,4,1,4,1,5,8
364,6,5,0,1,2,3,4
364,6,6,1,5,6,7,8
365,6,1,1,1,2,6,5
365,6,2,1,2,3,7,6
365,6,3,1,3,4,8,7
365,6,4,1,4,1,5,8
365,6,5,0,1,2,3,4
365,6,6,1,5,6,7,8
366,6,1,1,1,2,6,5
366,6,2,1,2,3,7,6
366,6,3,1,3,4,8,7
366,6,4,1,4,1,5,8
366,6,5,0,1,2,3,4
366,6,6,1,5,6,7,8
367,6,1,1,1,2,6,5
367,6,2,1,2,3,7,6
367,6,3,1,3,4,8,7
367,6,4,1,4,1,5,8
367,6,5,0,1,2,3,4
367,6,6,1,5,6,7,8
368,6,1,1,1,2,6,5
368,6,2,1,2,3,7,6
368,6,3,1,3,4,8,7
368,6,4,1,4,1,5,8
368,6,5,0,1,2,3,4
368,6,6,1,5,6,7,8
369,6,1,1,1,2,6,5
369,6,2,1,2,3,7,6
369,6,3,1,3,4,8,7
369,6,4,1,4,1,5,8
369,6,5,0,1,2,3,4
369,6,6,1,5,6,7,8
370,6,1,1,1,2,6,5
370,6,2,1,2,3,7,6
370,6,3,1,3,4,8,7
370,6,4,1,4,1,5,8
370,6,5,0,1,2,3,4
370,6,6,1,5,6,7,8
371,6,1,1,1,2,6,5
371,6,2,1,2,3,7,6
371,6,3,1,3,4,8,7
371,6,4,1,4,1,5,8
371,6,5,0,1,2,3,4
371,6,6,1,5,6,7,8
372,6,1,1,1,2,6,5
372,6,2,1,2,3,7,6
372,6,3,1,3,4,8,7
372,6,4,1,4,1,5,8
372,6,5,0,1,2,3,4
372,6,6,1,5,6,7,8
373,6,1,1,1,2,6,5
373,6,2,1,2,3,7,6
373,6,3,1,3,4,8,7
373,6,4,1,4,1,5,8
373,6,5,0,1,2,3,4
373,6,6,1,5,6,7,8
374,6,1,1,1,2,6,5
374,6,2,1,2,3,7,6
374,6,3,1,3,4,8,7
374,6,4,1,4,1,5,8
374,6,5,0,1,2,3,4
374,6,6,1,5,6,7,8
375,6,1,1,1,2,6,5
375,6,2,1,2,3,7,6
375,6,3,1,3,4,8,7
375,6,4,1,4,1,5,8
375,6,5,0,1,2,3,4
375,6,6,1,5,6,7,8
376,6,1,1,1,2,6,5
376,6,2,1,2,3,7,6
376,6,3,1,3,4,8,7
376,6,4,1,4,1,5,8
376,6,5,0,1,2,3,4
376,6,6,1,5,6,7,8
377,6,1,1,1,2,6,5
377,6,2,1,2,3,7,6
377,6,3,1,3,4,8,7
377,6,4,1,4,1,5,8
377,6,5,0,1,2,3,4
377,6,6,1,5,6,7,8
378,6,1,1,1,2,6,5
378,6,2,1,2,3,7,6
378,6,3,1,3,4,8,7
378,6,4,1,4,1,5,8
378,6,5,0,1,2,3,4
378,6,6,1,5,6,7,8
379,6,1,1,1,2,6,5
379,6,2,1,2,3,7,6
379,6,3,1,3,4,8,7
379,6,4,1,4,1,5,8
379,6,5,0,1,2,3,4
379,6,6,1,5,6,7,8
380,6,1,1,1,2,6,5
380,6,2,1,2,3,7,6
380,6,3,1,3,4,8,7
380,6,4,1,4,1,5,8
380,6,5,0,1,2,3,4
380,6,6,1,5,6,7,8
381,6,1,1,1,2,6,5
381,6,2,1,2,3,7,6
381,6,3,1,3,4,8,7
381,6,4,1,4,1,5,8
381,6,5,0,1,2,3,4
381,6,6,1,5,6,7,8
382,6,1,1,1,2,6,5
382,6,2,1,2,3,7,6
382,6,3,1,3,4,8,7
382,6,4,1,4,1,5,8
382,6,5,0,1,2,3,4
382,6,6,1,5,6,7,8
383,6,1,1,1,2,6,5
383,6,2,1,2,3,7,6
383,6,3,1,3,4,8,7
383,6,4,1,4,1,5,8
383,6,5,0,1,2,3,4
383,6,6,1,5,6,7,8
384,6,1,1,1,2,6,5
384,6,2,1,2,3,7,6
384,6,3,1,3,4,8,7
384,6,4,1,4,1,5,8
384,6,5,0,1,2,3,4
384,6,6,1,5,6,7,8
385,6,1,1,1,2,6,5
385,6,2,1,2,3,7,6
385,6,3,1,3,4,8,7
385,6,4,1,4,1,5,8
385,6,5,0,1,2,3,4
385,6,6,1,5,6,7,8
386,6,1,1,1,2,6,5
386,6,2,1,2,3,7,6
386,6,3,1,3,4,8,7
386,6,4,1,4,1,5,8
386,6,5,0,1,2,3,4
386,6,6,1,5,6,7,8
387,6,1,1,1,2,6,5
387,6,2,1,2,3,7,6
387,6,3,1,3,4,8,7
387,6,4,1,4,1,5,8
387,6,5,0,1,2,3,4
387,6,6,1,5,6,7,8
388,6,1,1,1,2,6,5
388,6,2,1,2,3,7,6
388,6,3,1,3,4,8,7
388,6,4,1,4,1,5,8
388,6,5,0,1,2,3,4
388,6,6,1,5,6,7,8
389,6,1,1,1,2,6,5
389,6,2,1,2,3,7,6
389,6,3,1,3,4,8,7
389,6,4,1,4,1,5,8
389,6,5,0,1,2,3,4
389,6,6,1,5,6,7,8
390,6,1,1,1,2,6,5
390,6,2,1,2,3,7,6
390,6,3,1,3,4,8,7
390,6,4,1,4,1,5,8
390,6,5,0,1,2,3,4
390,6,6,1,5,6,7,8
391,6,1,1,1,2,6,5
391,6,2,1,2,3,7,6
391,6,3,1,3,4,8,7
391,6,4,1,4,1,5,8
391,6,5,0,1,2,3,4
391,6,6,1,5,6,7,8
392,6,1,1,1,2,6,5
392,6,2,1,2,3,7,6
392,6,3,1,3,4,8,7
392,6,4,1,4,1,5,8
392,6,5,0,1,2,3,4
392,6,6,1,5,6,7,8
393,6,1,1,1,2,6,5
393,6,2,1,2,3,7,6
393,6,3,1,3,4,8,7
393,6,4,1,4,1,5,8
393,6,5,0,1,2,3,4
393,6,6,1,5,6,7,8
394,6,1,1,1,2,6,5
394,6,2,1,2,3,7,6
394,6,3,1,3,4,8,7
394,6,4,1,4,1,5,8
394,6,5,0,1,2,3,4
394,6,6,1,5,6,7,8
395,6,1,1,1,2,6,5
395,6,2,1,2,3,7,6
395,6,3,1,3,4,8,7
395,6,4,1,4,1,5,8
395,6,5,0,1,2,3,4
395,6,6,1,5,6,7,8
396,6,1,1,1,2,6,5
396,6,2,1,2,3,7,6
396,6,3,1,3,4,8,7
396,6,4,1,4,1,5,8
396,6,5,0,1,2,3,4
396,6,6,1,5,6,7,8
397,6,1,1,1,2,6,5
397,6,2,1,2,3,7,6
397,6,3,1,3,4,8,7
397,6,4,1,4,1,5,8
397,6,5,0,1,2,3,4
397,6,6,1,5,6,7,8
398,6,1,1,1,2,6,5
398,6,2,1,2,3,7,6
398,6,3,1,3,4,8,7
398,6,4,1,4,1,5,8
398,6,5,0,1,2,3,4
398,6,6,1,5,6,7,8
399,6,1,1,1,2,6,5
399,6,2,1,2,3,7,6
399,6,3,1,3,4,8,7
399,6,4,1,4,1,5,8
399,6,5,0,1,2,3,4
399,6,6,1,5,6,7,8
400,6,1,1,1,2,6,5
400,6,2,1,2,3,7,6
400,6,3,1,3,4,8,7
400,6,4,1,4,1,5,8
400,6,5,0,1,2,3,4
400,6,6,1,5,6,7,8
401,6,1,1,1,2,6,5
401,6,2,1,2,3,7,6
401,6,3,1,3,4,8,7
401,6,4,1,4,1,5,8
401,6,5,0,1,2,3,4
401,6,6,1,5,6,7,8
402,6,1,1,1,2,6,5
402,6,2,1,2,3,7,6
402,6,3,1,3,4,8,7
402,6,4,1,4,1,5,8
402,6,5,0,1,2,3,4
402,6,6,1,5,6,7,8
403,6,1,1,1,2,6,5
403,6,2,1,2,3,7,6
403,6,3,1,3,4,8,7
403,6,4,1,4,1,5,8
403,6,5,0,1,2,3,4
403,6,6,1,5,6,7,8
404,6,1,1,1,2,6,5
404,6,2,1,2,3,7,6
404,6,3,1,3,4,8,7
404,6,4,1,4,1,5,8
404,6,5,0,1,2,3,4
404,6,6,1,5,6,7,8
405,6,1,1,1,2,6,5
405,6,2,1,2,3,7,6
405,6,3,1,3,4,8,7
405,6,4,1,4,1,5,8
405,6,5,0,1,2,3,4
405,6,6,1,5,6,7,8
406,6,1,1,1,2,6,5
406,6,2,1,2,3,7,6
406,6,3,1,3,4,8,7
406,6,4,1,4,1,5,8
406,6,5,0,1,2,3,4
406,6,6,1,5,6,7,8
407,6,1,1,1,2,6,5
407,6,2,1,2,3,7,6
407,6,3,1,3,4,8,7
407,6,4,1,4,1,5,8
407,6,5,0,1,2,3,4
407,6,6,1,5,6,7,8
408,6,1,1,1,2,6,5
408,6,2,1,2,3,7,6
408,6,3,1,3,4,8,7
408,6,4,1,4,1,5,8
408,6,5,0,1,2,3,4
408,6,6,1,5,6,7,8
409,6,1,1,1,2,6,5
409,6,2,1,2,3,7,6
409,6,3,1,3,4,8,7
409,6,4,1,4,1,5,8
409,6,5,0,1,2,3,4
409,6,6,1,5,6,7,8
410,6,1,1,1,2,6,5
410,6,2,1,2,3,7,6
410,6,3,1,3,4,8,7
410,6,4,1,4,1,5,8
410,6,5,0,1,2,3,4
410,6,6,1,5,6,7,8
411,6,1,1,1,2,6,5
411,6,2,1,2,3,7,6
411,6,3,1,3,4,8,7
411,6,4,1,4,1,5,8
411,6,5,0,1,2,3,4
411,6,6,1,5,6,7,8
412,6,1,1,1,2,6,5
412,6,2,1,2,3,7,6
412,6,3,1,3,4,8,7
412,6,4,1,4,1,5,8
412,6,5,0,1,2,3,4
412,6,6,1,5,6,7,8
413,6,1,1,1,2,6,5
413,6,2,1,2,3,7,6
413,6,3,1,3,4,8,7
413,6,4,1,4,1,5,8
413,6,5,0,1,2,3,4
413,6,6,1,5,6,7,8
414,6,1,1,1,2,6,5
414,6,2,1,2,3,7,6
414,6,3,1,3,4,8,7
414,6,4,1,4,1,5,8
414,6,5,0,1,2,3,4
414,6,6,1,5,6,7,8
415,6,1,1,1,2,6,5
415,6,2,1,2,3,7,6
415,6,3,1,3,4,8,7
415,6,4,1,4,1,5,8
415,6,5,0,1,2,3,4
415,6,6,1,5,6,7,8
416,6,1,1,1,2,6,5
416,6,2,1,2,3,7,6
416,6,3,1,3,4,8,7
416,6,4,1,4,1,5,8
416,6,5,0,1,2,3,4
416,6,6,1,5,6,7,8
417,6,1,1,1,2,6,5
417,6,2,1,2,3,7,6
417,6,3,1,3,4,8,7
417,6,4,1,4,1,5,8
417,6,5,0,1,2,3,4
417,6,6,1,5,6,7,8
418,6,1,1,1,2,6,5
418,6,2,1,2,3,7,6
418,6,3,1,3,4,8,7
418,6,4,1,4,1,5,8
418,6,5,0,1,2,3,4
418,6,6,1,5,6,7,8
419,6,1,1,1,2,6,5
419,6,2,1,2,3,7,6
419,6,3,1,3,4,8,7
419,6,4,1,4,1,5,8
419,6,5,0,1,2,3,4
419,6,6,1,5,6,7,8
420,6,1,1,1,2,6,5
420,6,2,1,2,3,7,6
420,6,3,1,3,4,8,7
420,6,4,1,4,1,5,8
420,6,5,0,1,2,3,4
420,6,6,1,5,6,7,8
421,6,1,1,1,2,6,5
421,6,2,1,2,3,7,6
421,6,3,1,3,4,8,7
421,6,4,1,4,1,5,8
421,6,5,0,1,2,3,4
421,6,6,1,5,6,7,8
422,6,1,1,1,2,6,5
422,6,2,1,2,3,7,6
422,6,3,1,3,4,8,7
422,6,4,1,4,1,5,8
422,6,5,0,1,2,3,4
422,6,6,1,5,6,7,8
423,6,1,1,1,2,6,5
423,6,2,1,2,3,7,6
423,6,3,1,3,4,8,7
423,6,4,1,4,1,5,8
423,6,5,0,1,2,3,4
423,6,6,1,5,6,7,8
424,6,1,1,1,2,6,5
424,6,2,1,2,3,7,6
424,6,3,1,3,4,8,7
424,6,4,1,4,1,5,8
424,6,5,0,1,2,3,4
424,6,6,1,5,6,7,8
425,6,1,1,1,2,6,5
425,6,2,1,2,3,7,6
425,6,3,1,3,4,8,7
425,6,4,1,4,1,5,8
425,6,5,0,1,2,3,4
425,6,6,1,5,6,7,8
426,6,1,1,1,2,6,5
426,6,2,1,2,3,7,6
426,6,3,1,3,4,8,7
426,6,4,1,4,1,5,8
426,6,5,0,1,2,3,4
426,6,6,1,5,6,7,8
427,6,1,1,1,2,6,5
427,6,2,1,2,3,7,6
427,6,3,1,3,4,8,7
427,6,4,1,4,1,5,8
427,6,5,0,1,2,3,4
427,6,6,1,5,6,7,8
428,6,1,1,1,2,6,5
428,6,2,1,2,3,7,6
428,6,3,1,3,4,8,7
428,6,4,1,4,1,5,8
428,6,5,0,1,2,3,4
428,6,6,1,5,6,7,8
429,6,1,1,1,2,6,5
429,6,2,1,2,3,7,6
429,6,3,1,3,4,8,7
429,6,4,1,4,1,5,8
429,6,5,0,1,2,3,4
429,6,6,1,5,6,7,8
430,6,1,1,1,2,6,5
430,6,2,1,2,3,7,6
430,6,3,1,3,4,8,7
430,6,4,1,4,1,5,8
430,6,5,0,1,2,3,4
430,6,6,1,5,6,7,8
431,6,1,1,1,2,6,5
431,6,2,1,2,3,7,6
431,6,3,1,3,4,8,7
431,6,4,1,4,1,5,8
431,6,5,0,1,2,3,4
431,6,6,1,5,6,7,8
432,6,1,1,1,2,6,5
432,6,2,1,2,3,7,6
432,6,3,1,3,4,8,7
432,6,4,1,4,1,5,8
432,6,5,0,1,2,3,4
432,6,6,1,5,6,7,8
433,6,1,1,1,2,6,5
433,6,2,1,2,3,7,6
433,6,3,1,3,4,8,7
433,6,4,1,4,1,5,8
433,6,5,0,1,2,3,4
433,6,6,1,5,6,7,8
434,6,1,1,1,2,6,5
434,6,2,1,2,3,7,6
434,6,3,1,3,4,8,7
434,6,4,1,4,1,5,8
434,6,5,0,1,2,3,4
434,6,6,1,5,6,7,8
435,6,1,1,1,2,6,5
435,6,2,1,2,3,7,6
435,6,3,1,3,4,8,7
435,6,4,1,4,1,5,8
435,6,5,0,1,2,3,4
435,6,6,1,5,6,7,8
436,6,1,1,1,2,6,5
436,6,2,1,2,3,7,6
436,6,3,1,3,4,8,7
436,6,4,1,4,1,5,8
436,6,5,0,1,2,3,4
436,6,6,1,5,6,7,8
437,6,1,1,1,2,6,5
437,6,2,1,2,3,7,6
437,6,3,1,3,4,8,7
437,6,4,1,4,1,5,8
437,6,5,0,1,2,3,4
437,6,6,1,5,6,7,8
438,6,1,1,1,2,6,5
438,6,2,1,2,3,7,6
438,6,3,1,3,4,8,7
438,6,4,1,4,1,5,8
438,6,5,0,1,2,3,4
438,6,6,1,5,6,7,8
439,6,1,1,1,2,6,5
439,6,2,1,2,3,7,6
439,6,3,1,3,4,8,7
439,6,4,1,4,1,5,8
439,6,5,0,1,2,3,4
439,6,6,1,5,6,7,8
440,6,1,1,1,2,6,5
440,6,2,1,2,3,7,6
440,6,3,1,3,4,8,7
440,6,4,1,4,1,5,8
440,6,5,0,1,2,3,4
440,6,6,1,5,6,7,8
441,6,1,1,1,2,6,5
441,6,2,1,2,3,7,6
441,6,3,1,3,4,8,7
441,6,4,1,4,1,5,8
441,6,5,0,1,2,3,4
441,6,6,1,5,6,7,8
442,6,1,1,1,2,6,5
442,6,2,1,2,3,7,6
442,6,3,1,3,4,8,7
442,6,4,1,4,1,5,8
442,6,5,0,1,2,3,4
442,6,6,1,5,6,7,8
443,6,1,1,1,2,6,5
443,6,2,1,2,3,7,6
443,6,3,1,3,4,8,7
443,6,4,1,4,1,5,8
443,6,5,0,1,2,3,4
443,6,6,1,5,6,7,8
444,6,1,1,1,2,6,5
444,6,2,1,2,3,7,6
444,6,3,1,3,4,8,7
444,6,4,1,4,1,5,8
444,6,5,0,1,2,3,4
444,6,6,1,5,6,7,8
445,6,1,1,1,2,6,5
445,6,2,1,2,3,7,6
445,6,3,1,3,4,8,7
445,6,4,1,4,1,5,8
445,6,5,0,1,2,3,4
445,6,6,1,5,6,7,8
446,6,1,1,1,2,6,5
446,6,2,1,2,3,7,6
446,6,3,1,3,4,8,7
446,6,4,1,4,1,5,8
446,6,5,0,1,2,3,4
446,6,6,1,5,6,7,8
447,6,1,1,1,2,6,5
447,6,2,1,2,3,7,6
447,6,3,1,3,4,8,7
447,6,4,1,4,1,5,8
447,6,5,0,1,2,3,4
447,6,6,1,5,6,7,8
448,6,1,1,1,2,6,5
448,6,2,1,2,3,7,6
448,6,3,1,3,4,8,7
448,6,4,1,4,1,5,8
448,6,5,0,1,2,3,4
448,6,6,1,5,6,7,8
449,6,1,1,1,2,6,5
449,6,2,1,2,3,7,6
449,6,3,1,3,4,8,7
449,6,4,1,4,1,5,8
449,6,5,0,1,2,3,4
449,6,6,1,5,6,7,8
450,6,1,1,1,2,6,5
450,6,2,1,2,3,7,6
450,6,3,1,3,4,8,7
450,6,4,1,4,1,5,8
450,6,5,0,1,2,3,4
450,6,6,1,5,6,7,8
451,6,1,1,1,2,6,5
451,6,2,1,2,3,7,6
451,6,3,1,3,4,8,7
451,6,4,1,4,1,5,8
451,6,5,0,1,2,3,4
451,6,6,1,5,6,7,8
452,6,1,1,1,2,6,5
452,6,2,1,2,3,7,6
452,6,3,1,3,4,8,7
452,6,4,1,4,1,5,8
452,6,5,0,1,2,3,4
452,6,6,1,5,6,7,8
453,6,1,1,1,2,6,5
453,6,2,1,2,3,7,6
453,6,3,1,3,4,8,7
453,6,4,1,4,1,5,8
453,6,5,0,1,2,3,4
453,6,6,1,5,6,7,8
454,6,1,1,1,2,6,5
454,6,2,1,2,3,7,6
454,6,3,1,3,4,8,7
454,6,4,1,4,1,5,8
454,6,5,0,1,2,3,4
454,6,6,1,5,6,7,8
455,6,1,1,1,2,6,5
455,6,2,1,2,3,7,6
455,6,3,1,3,4,8,7
455,6,4,1,4,1,5,8
455,6,5,0,1,2,3,4
455,6,6,1,5,6,7,8
456,6,1,1,1,2,6,5
456,6,2,1,2,3,7,6
456,6,3,1,3,4,8,7
456,6,4,1,4,1,5,8
456,6,5,0,1,2,3,4
456,6,6,1,5,6,7,8
457,6,1,1,1,2,6,5
457,6,2,1,2,3,7,6
457,6,3,1,3,4,8,7
457,6,4,1,4,1,5,8
457,6,5,0,1,2,3,4
457,6,6,1,5,6,7,8
458,6,1,1,1,2,6,5
458,6,2,1,2,3,7,6
458,6,3,1,3,4,8,7
458,6,4,1,4,1,5,8
458,6,5,0,1,2,3,4
458,6,6,1,5,6,7,8
459,6,1,1,1,2,6,5
459,6,2,1,2,3,7,6
459,6,3,1,3,4,8,7
459,6,4,1,4,1,5,8
459,6,5,0,1,2,3,4
459,6,6,1,5,6,7,8
460,6,1,1,1,2,6,5
460,6,2,1,2,3,7,6
460,6,3,1,3,4,8,7
460,6,4,1,4,1,5,8
460,6,5,0,1,2,3,4
460,6,6,1,5,6,7,8
461,6,1,1,1,2,6,5
461,6,2,1,2,3,7,6
461,6,3,1,3,4,8,7
461,6,4,1,4,1,5,8
461,6,5,0,1,2,3,4
461,6,6,1,5,6,7,8
462,6,1,1,1,2,6,5
462,6,2,1,2,3,7,6
462,6,3,1,3,4,8,7
462,6,4,1,4,1,5,8
462,6,5,0,1,2,3,4
462,6,6,1,5,6,7,8
463,6,1,1,1,2,6,5
463,6,2,1,2,3,7,6
463,6,3,1,3,4,8,7
463,6,4,1,4,1,5,8
463,6,5,0,1,2,3,4
463,6,6,1,5,6,7,8
464,6,1,1,1,2,6,5
464,6,2,1,2,3,7,6
464,6,3,1,3,4,8,7
464,6,4,1,4,1,5,8
464,6,5,0,1,2,3,4
464,6,6,1,5,6,7,8
465,6,1,1,1,2,6,5
465,6,2,1,2,3,7,6
465,6,3,1,3,4,8,7
465,6,4,1,4,1,5,8
465,6,5,0,1,2,3,4
465,6,6,1,5,6,7,8
466,6,1,1,1,2,6,5
466,6,2,1,2,3,7,6
466,6,3,1,3,4,8,7
466,6,4,1,4,1,5,8
466,6,5,0,1,2,3,4
466,6,6,1,5,6,7,8
467,6,1,1,1,2,6,5
467,6,2,1,2,3,7,6
467,6,3,1,3,4,8,7
467,6,4,1,4,1,5,8
467,6,5,0,1,2,3,4
467,6,6,1,5,6,7,8
468,6,1,1,1,2,6,5
468,6,2,1,2,3,7,6
468,6,3,1,3,4,8,7
468,6,4,1,4,1,5,8
468,6,5,0,1,2,3,4
468,6,6,1,5,6,7,8
469,6,1,1,1,2,6,5
469,6,2,1,2,3,7,6
469,6,3,1,3,4,8,7
469,6,4,1,4,1,5,8
469,6,5,0,1,2,3,4
469,6,6,1,5,6,7,8
470,6,1,1,1,2,6,5
470,6,2,1,2,3,7,6
470,6,3,1,3,4,8,7
470,6,4,1,4,1,5,8
470,6,5,0,1,2,3,4
470,6,6,1,5,6,7,8
471,6,1,1,1,2,6,5
471,6,2,1,2,3,7,6
471,6,3,1,3,4,8,7
471,6,4,1,4,1,5,8
471,6,5,0,1,2,3,4
471,6,6,1,5,6,7,8
472,6,1,1,1,2,6,5
472,6,2,1,2,3,7,6
472,6,3,1,3,4,8,7
472,6,4,1,4,1,5,8
472,6,5,0,1,2,3,4
472,6,6,1,5,6,7,8
473,6,1,1,1,2,6,5
473,6,2,1,2,3,7,6
473,6,3,1,3,4,8,7
473,6,4,1,4,1,5,8
473,6,5,0,1,2,3,4
473,6,6,1,5,6,7,8
474,6,1,1,1,2,6,5
474,6,2,1,2,3,7,6
474,6,3,1,3,4,8,7
474,6,4,1,4,1,5,8
474,6,5,0,1,2,3,4
474,6,6,1,5,6,7,8
475,6,1,1,1,2,6,5
475,6,2,1,2,3,7,6
475,6,3,1,3,4,8,7
475,6,4,1,4,1,5,8
475,6,5,0,1,2,3,4
475,6,6,1,5,6,7,8
476,6,1,1,1,2,6,5
476,6,2,1,2,3,7,6
476,6,3,1,3,4,8,7
476,6,4,1,4,1,5,8
476,6,5,0,1,2,3,4
476,6,6,1,5,6,7,8
477,6,1,1,1,2,6,5
477,6,2,1,2,3,7,6
477,6,3,1,3,4,8,7
477,6,4,1,4,1,5,8
477,6,5,0,1,2,3,4
477,6,6,1,5,6,7,8
478,6,1,1,1,2,6,5
478,6,2,1,2,3,7,6
478,6,3,1,3,4,8,7
478,6,4,1,4,1,5,8
478,6,5,0,1,2,3,4
478,6,6,1,5,6,7,8
479,6,1,1,1,2,6,5
479,6,2,1,2,3,7,6
479,6,3,1,3,4,8,7
479,6,4,1,4,1,5,8
479,6,5,0,1,2,3,4
479,6,6,1,5,6,7,8
480,6,1,1,1,2,6,5
480,6,2,1,2,3,7,6
480,6,3,1,3,4,8,7
480,6,4,1,4,1,5,8
480,6,5,0,1,2,3,4
480,6,6,1,5,6,7,8
481,6,1,1,1,2,6,5
481,6,2,1,2,3,7,6
481,6,3,1,3,4,8,7
481,6,4,1,4,1,5,8
481,6,5,0,1,2,3,4
481,6,6,1,5,6,7,8
482,6,1,1,1,2,6,5
482,6,2,1,2,3,7,6
482,6,3,1,3,4,8,7
482,6,4,1,4,1,5,8
482,6,5,0,1,2,3,4
482,6,6,1,5,6,7,8
483,6,1,1,1,2,6,5
483,6,2,1,2,3,7,6
483,6,3,1,3,4,8,7
483,6,4,1,4,1,5,8
483,6,5,0,1,2,3,4
483,6,6,1,5,6,7,8
484,6,1,1,1,2,6,5
484,6,2,1,2,3,7,6
484,6,3,1,3,4,8,7
484,6,4,1,4,1,5,8
484,6,5,0,1,2,3,4
484,6,6,1,5,6,7,8
485,6,1,1,1,2,6,5
485,6,2,1,2,3,7,6
485,6,3,1,3,4,8,7
485,6,4,1,4,1,5,8
485,6,5,0,1,2,3,4
485,6,6,1,5,6,7,8
486,6,1,1,1,2,6,5
486,6,2,1,2,3,7,6
486,6,3,1,3,4,8,7
486,6,4,1,4,1,5,8
486,6,5,0,1,2,3,4
486,6,6,1,5,6,7,8
487,6,1,1,1,2,6,5
487,6,2,1,2,3,7,6
487,6,3,1,3,4,8,7
487,6,4,1,4,1,5,8
487,6,5,0,1,2,3,4
487,6,6,1,5,6,7,8
488,6,1,1,1,2,6,5
488,6,2,1,2,3,7,6
488,6,3,1,3,4,8,7
488,6,4,1,4,1,5,8
488,6,5,0,1,2,3,4
488,6,6,1,5,6,7,8
489,6,1,1,1,2,6,5
489,6,2,1,2,3,7,6
489,6,3,1,3,4,8,7
489,6,4,1,4,1,5,8
489,6,5,0,1,2,3,4
489,6,6,1,5,6,7,8
490,6,1,1,1,2,6,5
490,6,2,1,2,3,7,6
490,6,3,1,3,4,8,7
490,6,4,1,4,1,5,8
490,6,5,0,1,2,3,4
490,6,6,1,5,6,7,8
491,6,1,1,1,2,6,5
491,6,2,1,2,3,7,6
491,6,3,1,3,4,8,7
491,6,4,1,4,1,5,8
491,6,5,0,1,2,3,4
491,6,6,1,5,6,7,8
492,6,1,1,1,2,6,5
492,6,2,1,2,3,7,6
492,6,3,1,3,4,8,7
492,6,4,1,4,1,5,8
492,6,5,0,1,2,3,4
492,6,6,1,5,6,7,8
493,6,1,1,1,2,6,5
493,6,2,1,2,3,7,6
493,6,3,1,3,4,8,7
493,6,4,1,4,1,5,8
493,6,5,0,1,2,3,4
493,6,6,1,5,6,7,8
494,6,1,1,1,2,6,5
494,6,2,1,2,3,7,6
494,6,3,1,3,4,8,7
494,6,4,1,4,1,5,8
494,6,5,0,1,2,3,4
494,6,6,1,5,6,7,8
495,6,1,1,1,2,6,5
495,6,2,1,2,3,7,6
495,6,3,1,3,4,8,7
495,6,4,1,4,1,5,8
495,6,5,0,1,2,3,4
495,6,6,1,5,6,7,8
496,6,1,1,1,2,6,5
496,6,2,1,2,3,7,6
496,6,3,1,3,4,8,7
496,6,4,1,4,1,5,8
496,6,5,0,1,2,3,4
496,6,6,1,5,6,7,8
497,6,1,1,1,2,6,5
497,6,2,1,2,3,7,6
497,6,3,1,3,4,8,7
497,6,4,1,4,1,5,8
497,6,5,0,1,2,3,4
497,6,6,1,5,6,7,8
498,6,1,1,1,2,6,5
498,6,2,1,2,3,7,6
498,6,3,1,3,4,8,7
498,6,4,1,4,1,5,8
498,6,5,0,1,2,3,4
498,6,6,1,5,6,7,8
499,6,1,1,1,2,6,5
499,6,2,1,2,3,7,6
499,6,3,1,3,4,8,7
499,6,4,1,4,1,5,8
499,6,5,0,1,2,3,4
499,6,6,1,5,6,7,8
500,6,1,1,1,2,6,5
500,6,2,1,2,3,7,6
500,6,3,1,3,4,8,7
500,6,4,1,4,1,5,8
500,6,5,0,1,2,3,4
500,6,6,1,5,6,7,8
501,6,1,1,1,2,6,5
501,6,2,1,2,3,7,6
501,6,3,1,3,4,8,7
501,6,4,1,4,1,5,8
501,6,5,0,1,2,3,4
501,6,6,1,5,6,7,8
502,6,1,1,1,2,6,5
502,6,2,1,2,3,7,6
502,6,3,1,3,4,8,7
502,6,4,1,4,1,5,8
502,6,5,0,1,2,3,4
502,6,6,1,5,6,7,8
503,6,1,1,1,2,6,5
503,6,2,1,2,3,7,6
503,6,3,1,3,4,8,7
503,6,4,1,4,1,5,8
503,6,5,0,1,2,3,4
503,6,6,1,5,6,7,8
504,6,1,1,1,2,6,5
504,6,2,1,2,3,7,6
504,6,3,1,3,4,8,7
504,6,4,1,4,1,5,8
504,6,5,0,1,2,3,4
504,6,6,1,5,6,7,8
505,6,1,1,1,2,6,5
505,6,2,1,2,3,7,6
505,6,3,1,3,4,8,7
505,6,4,1,4,1,5,8
505,6,5,0,1,2,3,4
505,6,6,1,5,6,7,8
506,6,1,1,1,2,6,5
506,6,2,1,2,3,7,6
506,6,3,1,3,4,8,7
506,6,4,1,4,1,5,8
506,6,5,0,1,2,3,4
506,6,6,1,5,6,7,8
507,6,1,1,1,2,6,5
507,6,2,1,2,3,7,6
507,6,3,1,3,4,8,7
507,6,4,1,4,1,5,8
507,6,5,0,1,2,3,4
507,6,6,1,5,6,7,8
508,6,1,1,1,2,6,5
508,6,2,1,2,3,7,6
508,6,3,1,3,4,8,7
508,6,4,1,4,1,5,8
508,6,5,0,1,2,3,4
508,6,6,1,5,6,7,8
509,6,1,1,1,2,6,5
509,6,2,1,2,3,7,6
509,6,3,1,3,4,8,7
509,6,4,1,4,1,5,8
509,6,5,0,1,2,3,4
509,6,6,1,5,6,7,8
510,6,1,1,1,2,6,5
510,6,2,1,2,3,7,6
510,6,3,1,3,4,8,7
510,6,4,1,4,1,5,8
510,6,5,0,1,2,3,4
510,6,6,1,5,6,7,8
511,6,1,1,1,2,6,5
511,6,2,1,2,3,7,6
511,6,3,1,3,4,8,7
511,6,4,1,4,1,5,8
511,6,5,0,1,2,3,4
511,6,6,1,5,6,7,8
512,6,1,1,1,2,6,5
512,6,2,1,2,3,7,6
512,6,3,1,3,4,8,7
512,6,4,1,4,1,5,8
512,6,5,0,1,2,3,4
512,6,6,1,5,6,7,8
513,6,1,1,1,2,6,5
513,6,2,1,2,3,7,6
513,6,3,1,3,4,8,7
513,6,4,1,4,1,5,8
513,6,5,0,1,2,3,4
513,6,6,1,5,6,7,8
514,6,1,1,1,2,6,5
514,6,2,1,2,3,7,6
514,6,3,1,3,4,8,7
514,6,4,1,4,1,5,8
514,6,5,0,1,2,3,4
514,6,6,1,5,6,7,8
515,6,1,1,1,2,6,5
515,6,2,1,2,3,7,6
515,6,3,1,3,4,8,7
515,6,4,1,4,1,5,8
515,6,5,0,1,2,3,4
515,6,6,1,5,6,7,8
516,6,1,1,1,2,6,5
516,6,2,1,2,3,7,6
516,6,3,1,3,4,8,7
516,6,4,1,4,1,5,8
516,6,5,0,1,2,3,4
516,6,6,1,5,6,7,8
517,6,1,1,1,2,6,5
517,6,2,1,2,3,7,6
517,6,3,1,3,4,8,7
517,6,4,1,4,1,5,8
517,6,5,0,1,2,3,4
517,6,6,1,5,6,7,8
518,6,1,1,1,2,6,5
518,6,2,1,2,3,7,6
518,6,3,1,3,4,8,7
518,6,4,1,4,1,5,8
518,6,5,0,1,2,3,4
518,6,6,1,5,6,7,8
519,6,1,1,1,2,6,5
519,6,2,1,2,3,7,6
519,6,3,1,3,4,8,7
519,6,4,1,4,1,5,8
519,6,5,0,1,2,3,4
519,6,6,1,5,6,7,8
520,6,1,1,1,2,6,5
520,6,2,1,2,3,7,6
520,6,3,1,3,4,8,7
520,6,4,1,4,1,5,8
520,6,5,0,1,2,3,4
520,6,6,1,5,6,7,8
521,6,1,1,1,2,6,5
521,6,2,1,2,3,7,6
521,6,3,1,3,4,8,7
521,6,4,1,4,1,5,8
521,6,5,0,1,2,3,4
521,6,6,1,5,6,7,8
522,6,1,1,1,2,6,5
522,6,2,1,2,3,7,6
522,6,3,1,3,4,8,7
522,6,4,1,4,1,5,8
522,6,5,0,1,2,3,4
522,6,6,1,5,6,7,8
523,6,1,1,1,2,6,5
523,6,2,1,2,3,7,6
523,6,3,1,3,4,8,7
523,6,4,1,4,1,5,8
523,6,5,0,1,2,3,4
523,6,6,1,5,6,7,8
524,6,1,1,1,2,6,5
524,6,2,1,2,3,7,6
524,6,3,1,3,4,8,7
524,6,4,1,4,1,5,8
524,6,5,0,1,2,3,4
524,6,6,1,5,6,7,8
525,6,1,1,1,2,6,5
525,6,2,1,2,3,7,6
525,6,3,1,3,4,8,7
525,6,4,1,4,1,5,8
525,6,5,0,1,2,3,4
525,6,6,1,5,6,7,8
526,6,1,1,1,2,6,5
526,6,2,1,2,3,7,6
526,6,3,1,3,4,8,7
526,6,4,1,4,1,5,8
526,6,5,0,1,2,3,4
526,6,6,1,5,6,7,8
527,6,1,1,1,2,6,5
527,6,2,1,2,3,7,6
527,6,3,1,3,4,8,7
527,6,4,1,4,1,5,8
527,6,5,0,1,2,3,4
527,6,6,1,5,6,7,8
528,6,1,1,1,2,6,5
528,6,2,1,2,3,7,6
528,6,3,1,3,4,8,7
528,6,4,1,4,1,5,8
528,6,5,0,1,2,3,4
528,6,6,1,5,6,7,8
529,6,1,1,1,2,6,5
529,6,2,1,2,3,7,6
529,6,3,1,3,4,8,7
529,6,4,1,4,1,5,8
529,6,5,0,1,2,3,4
529,6,6,1,5,6,7,8
530,6,1,1,1,2,6,5
530,6,2,1,2,3,7,6
530,6,3,1,3,4,8,7
530,6,4,1,4,1,5,8
530,6,5,0,1,2,3,4
530,6,6,1,5,6,7,8
531,6,1,1,1,2,6,5
531,6,2,1,2,3,7,6
531,6,3,1,3,4,8,7
531,6,4,1,4,1,5,8
531,6,5,0,1,2,3,4
531,6,6,1,5,6,7,8
532,6,1,1,1,2,6,5
532,6,2,1,2,3,7,6
532,6,3,1,3,4,8,7
532,6,4,1,4,1,5,8
532,6,5,0,1,2,3,4
532,6,6,1,5,6,7,8
533,6,1,1,1,2,6,5
533,6,2,1,2,3,7,6
533,6,3,1,3,4,8,7
533,6,4,1,4,1,5,8
533,6,5,0,1,2,3,4
533,6,6,1,5,6,7,8
534,6,1,1,1,2,6,5
534,6,2,1,2,3,7,6
534,6,3,1,3,4,8,7
534,6,4,1,4,1,5,8
534,6,5,0,1,2,3,4
534,6,6,1,5,6,7,8
535,6,1,1,1,2,6,5
535,6,2,1,2,3,7,6
535,6,3,1,3,4,8,7
535,6,4,1,4,1,5,8
535,6,5,0,1,2,3,4
535,6,6,1,5,6,7,8
536,6,1,1,1,2,6,5
536,6,2,1,2,3,7,6
536,6,3,1,3,4,8,7
536,6,4,1,4,1,5,8
536,6,5,0,1,2,3,4
536,6,6,1,5,6,7,8
537,6,1,1,1,2,6,5
537,6,2,1,2,3,7,6
537,6,3,1,3,4,8,7
537,6,4,1,4,1,5,8
537,6,5,0,1,2,3,4
537,6,6,1,5,6,7,8
538,6,1,1,1,2,6,5
538,6,2,1,2,3,7,6
538,6,3,1,3,4,8,7
538,6,4,1,4,1,5,8
538,6,5,0,1,2,3,4
538,6,6,1,5,6,7,8
539,6,1,1,1,2,6,5
539,6,2,1,2,3,7,6
539,6,3,1,3,4,8,7
539,6,4,1,4,1,5,8
539,6,5,0,1,2,3,4
539,6,6,1,5,6,7,8
540,6,1,1,1,2,6,5
540,6,2,1,2,3,7,6
540,6,3,1,3,4,8,7
540,6,4,1,4,1,5,8
540,6,5,0,1,2,3,4
540,6,6,1,5,6,7,8
541,6,1,1,1,2,6,5
541,6,2,1,2,3,7,6
541,6,3,1,3,4,8,7
541,6,4,1,4,1,5,8
541,6,5,0,1,2,3,4
541,6,6,1,5,6,7,8
542,6,1,1,1,2,6,5
542,6,2,1,2,3,7,6
542,6,3,1,3,4,8,7
542,6,4,1,4,1,5,8
542,6,5,0,1,2,3,4
542,6,6,1,5,6,7,8
543,6,1,1,1,2,6,5
543,6,2,1,2,3,7,6
543,6,3,1,3,4,8,7
543,6,4,1,4,1,5,8
543,6,5,0,1,2,3,4
543,6,6,1,5,6,7,8
544,6,1,1,1,2,6,5
544,6,2,1,2,3,7,6
544,6,3,1,3,4,8,7
544,6,4,1,4,1,5,8
544,6,5,0,1,2,3,4
544,6,6,1,5,6,7,8
545,6,1,1,1,2,6,5
545,6,2,1,2,3,7,6
545,6,3,1,3,4,8,7
545,6,4,1,4,1,5,8
545,6,5,0,1,2,3,4
545,6,6,1,5,6,7,8
546,6,1,1,1,2,6,5
546,6,2,1,2,3,7,6
546,6,3,1,3,4,8,7
546,6,4,1,4,1,5,8
546,6,5,0,1,2,3,4
546,6,6,1,5,6,7,8
547,6,1,1,1,2,6,5
547,6,2,1,2,3,7,6
547,6,3,1,3,4,8,7
547,6,4,1,4,1,5,8
547,6,5,0,1,2,3,4
547,6,6,1,5,6,7,8
548,6,1,1,1,2,6,5
548,6,2,1,2,3,7,6
548,6,3,1,3,4,8,7
548,6,4,1,4,1,5,8
548,6,5,0,1,2,3,4
548,6,6,1,5,6,7,8
549,6,1,1,1,2,6,5
549,6,2,1,2,3,7,6
549,6,3,1,3,4,8,7
549,6,4,1,4,1,5,8
549,6,5,0,1,2,3,4
549,6,6,1,5,6,7,8
550,6,1,1,1,2,6,5
550,6,2,1,2,3,7,6
550,6,3,1,3,4,8,7
550,6,4,1,4,1,5,8
550,6,5,0,1,2,3,4
550,6,6,1,5,6,7,8
