1,8,1,0,0,0
1,8,2,3,0,0
1,8,3,3,3,0
1,8,4,0,3,0
1,8,5,0,0,3
1,8,6,3,0,3
1,8,7,3,3,3
1,8,8,0,3,3
2,8,1,5,0,0
2,8,2,8,0,0
2,8,3,8,3,0
2,8,4,5,3,0
2,8,5,5,0,3
2,8,6,8,0,3
2,8,7,8,3,3
2,8,8,5,3,3
3,8,1,10,0,0
3,8,2,13,0,0
3,8,3,13,3,0
3,8,4,10,3,0
3,8,5,10,0,3
3,8,6,13,0,3
3,8,7,13,3,3
3,8,8,10,3,3
4,8,1,15,0,0
4,8,2,18,0,0
4,8,3,18,3,0
4,8,4,15,3,0
4,8,5,15,0,3
4,8,6,18,0,3
4,8,7,18,3,3
4,8,8,15,3,3
5,8,1,20,0,0
5,8,2,23,0,0
5,8,3,23,3,0
5,8,4,20,3,0
5,8,5,20,0,3
5,8,6,23,0,3
5,8,7,23,3,3
5,8,8,20,3,3
6,8,1,25,0,0
6,8,2,28,0,0
6,8,3,28,3,0
6,8,4,25,3,0
6,8,5,25,0,3
6,8,6,28,0,3
6,8,7,28,3,3
6,8,8,25,3,3
7,8,1,30,0,0
7,8,2,33,0,0
7,8,3,33,3,0
7,8,4,30,3,0
7,8,5,30,0,3
7,8,6,33,0,3
7,8,7,33,3,3
7,8,8,30,3,3
8,8,1,35,0,0
8,8,2,38,0,0
8,8,3,38,3,0
8,8,4,35,3,0
8,8,5,35,0,3
8,8,6,38,0,3
8,8,7,38,3,3
8,8,8,35,3,3
9,8,1,40,0,0
9,8,2,43,0,0
9,8,3,43,3,0
9,8,4,40,3,0
9,8,5,40,0,3
9,8,6,43,0,3
9,8,7,43,3,3
9,8,8,40,3,3
10,8,1,45,0,0
10,8,2,48,0,0
10,8,3,48,3,0
10,8,4,45,3,0
10,8,5,45,0,3
10,8,6,48,0,3
10,8,7,48,3,3
10,8,8,45,3,3
11,8,1,50,0,0
11,8,2,53,0,0
11,8,3,53,3,0
11,8,4,50,3,0
11,8,5,50,0,3
11,8,6,53,0,3
11,8,7,53,3,3
11,8,8,50,3,3
12,8,1,0,5,0
12,8,2,3,5,0
12,8,3,3,8,0
12,8,4,0,8,0
12,8,5,0,5,3
12,8,6,3,5,3
12,8,7,3,8,3
12,8,8,0,8,3
13,8,1,5,5,0
13,8,2,8,5,0
13,8,3,8,8,0
13,8,4,5,8,0
13,8,5,5,5,3
13,8,6,8,5,3
13,8,7,8,8,3
13,8,8,5,8,3
14,8,1,10,5,0
14,8,2,13,5,0
14,8,3,13,8,0
14,8,4,10,8,0
14,8,5,10,5,3
14,8,6,13,5,3
14,8,7,13,8,3
14,8,8,10,8,3
15,8,1,15,5,0
15,8,2,18,5,0
15,8,3,18,8,0
15,8,4,15,8,0
15,8,5,15,5,3
15,8,6,18,5,3
15,8,7,18,8,3
15,8,8,15,8,3
16,8,1,20,5,0
16,8,2,23,5,0
16,8,3,23,8,0
16,8,4,20,8,0
16,8,5,20,5,3
16,8,6,23,5,3
16,8,7,23,8,3
16,8,8,20,8,3
17,8,1,25,5,0
17,8,2,28,5,0
17,8,3,28,8,0
17,8,4,25,8,0
17,8,5,25,5,3
17,8,6,28,5,3
17,8,7,28,8,3
17,8,8,25,8,3
18,8,1,30,5,0
18,8,2,33,5,0
18,8,3,33,8,0
18,8,4,30,8,0
18,8,5,30,5,3
18,8,6,33,5,3
18,8,7,33,8,3
18,8,8,30,8,3
19,8,1,35,5,0
19,8,2,38,5,0
19,8,3,38,8,0
19,8,4,35,8,0
19,8,5,35,5,3
19,8,6,38,5,3
19,8,7,38,8,3
19,8,8,35,8,3
20,8,1,40,5,0
20,8,2,43,5,0
20,8,3,43,8,0
20,8,4,40,8,0
20,8,5,40,5,3
20,8,6,43,5,3
20,8,7,43,8,3
20,8,8,40,8,3
21,8,1,45,5,0
21,8,2,48,5,0
21,8,3,48,8,0
21,8,4,45,8,0
21,8,5,45,5,3
21,8,6,48,5,3
21,8,7,48,8,3
21,8,8,45,8,3
22,8,1,50,5,0
22,8,2,53,5,0
22,8,3,53,8,0
22,8,4,50,8,0
22,8,5,50,5,3
22,8,6,53,5,3
22,8,7,53,8,3
22,8,8,50,8,3
23,8,1,0,10,0
23,8,2,3,10,0
23,8,3,3,13,0
23,8,4,0,13,0
23,8,5,0,10,3
23,8,6,3,10,3
23,8,7,3,13,3
23,8,8,0,13,3
24,8,1,5,10,0
24,8,2,8,10,0
24,8,3,8,13,0
24,8,4,5,13,0
24,8,5,5,10,3
24,8,6,8,10,3
24,8,7,8,13,3
24,8,8,5,13,3
25,8,1,10,10,0
25,8,2,13,10,0
25,8,3,13,13,0
25,8,4,10,13,0
25,8,5,10,10,3
25,8,6,13,10,3
25,8,7,13,13,3
25,8,8,10,13,3
26,8,1,15,10,0
26,8,2,18,10,0
26,8,3,18,13,0
26,8,4,15,13,0
26,8,5,15,10,3
26,8,6,18,10,3
26,8,7,18,13,3
26,8,8,15,13,3
27,8,1,20,10,0
27,8,2,23,10,0
27,8,3,23,13,0
27,8,4,20,13,0
27,8,5,20,10,3
27,8,6,23,10,3
27,8,7,23,13,3
27,8,8,20,13,3
28,8,1,25,10,0
28,8,2,28,10,0
28,8,3,28,13,0
28,8,4,25,13,0
28,8,5,25,10,3
28,8,6,28,10,3
28,8,7,28,13,3
28,8,8,25,13,3
29,8,1,30,10,0
29,8,2,33,10,0
29,8,3,33,13,0
29,8,4,30,13,0
29,8,5,30,10,3
29,8,6,33,10,3
29,8,7,33,13,3
29,8,8,30,13,3
30,8,1,35,10,0
30,8,2,38,10,0
30,8,3,38,13,0
30,8,4,35,13,0
30,8,5,35,10,3
30,8,6,38,10,3
30,8,7,38,13,3
30,8,8,35,13,3
31,8,1,40,10,0
31,8,2,43,10,0
31,8,3,43,13,0
31,8,4,40,13,0
31,8,5,40,10,3
31,8,6,43,10,3
31,8,7,43,13,3
31,8,8,40,13,3
32,8,1,45,10,0
32,8,2,48,10,0
32,8,3,48,13,0
32,8,4,45,13,0
32,8,5,45,10,3
32,8,6,48,10,3
32,8,7,48,13,3
32,8,8,45,13,3
33,8,1,50,10,0
33,8,2,53,10,0
33,8,3,53,13,0
33,8,4,50,13,0
33,8,5,50,10,3
33,8,6,53,10,3
33,8,7,53,13,3
33,8,8,50,13,3
34,8,1,0,15,0
34,8,2,3,15,0
34,8,3,3,18,0
34,8,4,0,18,0
34,8,5,0,15,3
34,8,6,3,15,3
34,8,7,3,18,3
34,8,8,0,18,3
35,8,1,5,15,0
35,8,2,8,15,0
35,8,3,8,18,0
35,8,4,5,18,0
35,8,5,5,15,3
35,8,6,8,15,3
35,8,7,8,18,3
35,8,8,5,18,3
36,8,1,10,15,0
36,8,2,13,15,0
36,8,3,13,18,0
36,8,4,10,18,0
36,8,5,10,15,3
36,8,6,13,15,3
36,8,7,13,18,3
36,8,8,10,18,3
37,8,1,15,15,0
37,8,2,18,15,0
37,8,3,18,18,0
37,8,4,15,18,0
37,8,5,15,15,3
37,8,6,18,15,3
37,8,7,18,18,3
37,8,8,15,18,3
38,8,1,20,15,0
38,8,2,23,15,0
38,8,3,23,18,0
38,8,4,20,18,0
38,8,5,20,15,3
38,8,6,23,15,3
38,8,7,23,18,3
38,8,8,20,18,3
39,8,1,25,15,0
39,8,2,28,15,0
39,8,3,28,18,0
39,8,4,25,18,0
39,8,5,25,15,3
39,8,6,28,15,3
39,8,7,28,18,3
39,8,8,25,18,3
40,8,1,30,15,0
40,8,2,33,15,0
40,8,3,33,18,0
40,8,4,30,18,0
40,8,5,30,15,3
40,8,6,33,15,3
40,8,7,33,18,3
40,8,8,30,18,3
41,8,1,35,15,0
41,8,2,38,15,0
41,8,3,38,18,0
41,8,4,35,18,0
41,8,5,35,15,3
41,8,6,38,15,3
41,8,7,38,18,3
41,8,8,35,18,3
42,8,1,40,15,0
42,8,2,43,15,0
42,8,3,43,18,0
42,8,4,40,18,0
42,8,5,40,15,3
42,8,6,43,15,3
42,8,7,43,18,3
42,8,8,40,18,3
43,8,1,45,15,0
43,8,2,48,15,0
43,8,3,48,18,0
43,8,4,45,18,0
43,8,5,45,15,3
43,8,6,48,15,3
43,8,7,48,18,3
43,8,8,45,18,3
44,8,1,50,15,0
44,8,2,53,15,0
44,8,3,53,18,0
44,8,4,50,18,0
44,8,5,50,15,3
44,8,6,53,15,3
44,8,7,53,18,3
44,8,8,50,18,3
45,8,1,0,20,0
45,8,2,3,20,0
45,8,3,3,23,0
45,8,4,0,23,0
45,8,5,0,20,3
45,8,6,3,20,3
45,8,7,3,23,3
45,8,8,0,23,3
46,8,1,5,20,0
46,8,2,8,20,0
46,8,3,8,23,0
46,8,4,5,23,0
46,8,5,5,20,3
46,8,6,8,20,3
46,8,7,8,23,3
46,8,8,5,23,3
47,8,1,10,20,0
47,8,2,13,20,0
47,8,3,13,23,0
47,8,4,10,23,0
47,8,5,10,20,3
47,8,6,13,20,3
47,8,7,13,23,3
47,8,8,10,23,3
48,8,1,15,20,0
48,8,2,18,20,0
48,8,3,18,23,0
48,8,4,15,23,0
48,8,5,15,20,3
48,8,6,18,20,3
48,8,7,18,23,3
48,8,8,15,23,3
49,8,1,20,20,0
49,8,2,23,20,0
49,8,3,23,23,0
49,8,4,20,23,0
49,8,5,20,20,3
49,8,6,23,20,3
49,8,7,23,23,3
49,8,8,20,23,3
50,8,1,25,20,0
50,8,2,28,20,0
50,8,3,28,23,0
50,8,4,25,23,0
50,8,5,25,20,3
50,8,6,28,20,3
50,8,7,28,23,3
50,8,8,25,23,3
51,8,1,30,20,0
51,8,2,33,20,0
51,8,3,33,23,0
51,8,4,30,23,0
51,8,5,30,20,3
51,8,6,33,20,3
51,8,7,33,23,3
51,8,8,30,23,3
52,8,1,35,20,0
52,8,2,38,20,0
52,8,3,38,23,0
52,8,4,35,23,0
52,8,5,35,20,3
52,8,6,38,20,3
52,8,7,38,23,3
52,8,8,35,23,3
53,8,1,40,20,0
53,8,2,43,20,0
53,8,3,43,23,0
53,8,4,40,23,0
53,8,5,40,20,3
53,8,6,43,20,3
53,8,7,43,23,3
53,8,8,40,23,3
54,8,1,45,20,0
54,8,2,48,20,0
54,8,3,48,23,0
54,8,4,45,23,0
54,8,5,45,20,3
54,8,6,48,20,3
54,8,7,48,23,3
54,8,8,45,23,3
55,8,1,50,20,0
55,8,2,53,20,0
55,8,3,53,23,0
55,8,4,50,23,0
55,8,5,50,20,3
55,8,6,53,20,3
55,8,7,53,23,3
55,8,8,50,23,3
56,8,1,0,25,0
56,8,2,3,25,0
56,8,3,3,28,0
56,8,4,0,28,0
56,8,5,0,25,3
56,8,6,3,25,3
56,8,7,3,28,3
56,8,8,0,28,3
57,8,1,5,25,0
57,8,2,8,25,0
57,8,3,8,28,0
57,8,4,5,28,0
57,8,5,5,25,3
57,8,6,8,25,3
57,8,7,8,28,3
57,8,8,5,28,3
58,8,1,10,25,0
58,8,2,13,25,0
58,8,3,13,28,0
58,8,4,10,28,0
58,8,5,10,25,3
58,8,6,13,25,3
58,8,7,13,28,3
58,8,8,10,28,3
59,8,1,15,25,0
59,8,2,18,25,0
59,8,3,18,28,0
59,8,4,15,28,0
59,8,5,15,25,3
59,8,6,18,25,3
59,8,7,18,28,3
59,8,8,15,28,3
60,8,1,20,25,0
60,8,2,23,25,0
60,8,3,23,28,0
60,8,4,20,28,0
60,8,5,20,25,3
60,8,6,23,25,3
60,8,7,23,28,3
60,8,8,20,28,3
61,8,1,25,25,0
61,8,2,28,25,0
61,8,3,28,28,0
61,8,4,25,28,0
61,8,5,25,25,3
61,8,6,28,25,3
61,8,7,28,28,3
61,8,8,25,28,3
62,8,1,30,25,0
62,8,2,33,25,0
62,8,3,33,28,0
62,8,4,30,28,0
62,8,5,30,25,3
62,8,6,33,25,3
62,8,7,33,28,3
62,8,8,30,28,3
63,8,1,35,25,0
63,8,2,38,25,0
63,8,3,38,28,0
63,8,4,35,28,0
63,8,5,35,25,3
63,8,6,38,25,3
63,8,7,38,28,3
63,8,8,35,28,3
64,8,1,40,25,0
64,8,2,43,25,0
64,8,3,43,28,0
64,8,4,40,28,0
64,8,5,40,25,3
64,8,6,43,25,3
64,8,7,43,28,3
64,8,8,40,28,3
65,8,1,45,25,0
65,8,2,48,25,0
65,8,3,48,28,0
65,8,4,45,28,0
65,8,5,45,25,3
65,8,6,48,25,3
65,8,7,48,28,3
65,8,8,45,28,3
66,8,1,50,25,0
66,8,2,53,25,0
66,8,3,53,28,0
66,8,4,50,28,0
66,8,5,50,25,3
66,8,6,53,25,3
66,8,7,53,28,3
66,8,8,50,28,3
67,8,1,0,30,0
67,8,2,3,30,0
67,8,3,3,33,0
67,8,4,0,33,0
67,8,5,0,30,3
67,8,6,3,30,3
67,8,7,3,33,3
67,8,8,0,33,3
68,8,1,5,30,0
68,8,2,8,30,0
68,8,3,8,33,0
68,8,4,5,33,0
68,8,5,5,30,3
68,8,6,8,30,3
68,8,7,8,33,3
68,8,8,5,33,3
69,8,1,10,30,0
69,8,2,13,30,0
69,8,3,13,33,0
69,8,4,10,33,0
69,8,5,10,30,3
69,8,6,13,30,3
69,8,7,13,33,3
69,8,8,10,33,3
70,8,1,15,30,0
70,8,2,18,30,0
70,8,3,18,33,0
70,8,4,15,33,0
70,8,5,15,30,3
70,8,6,18,30,3
70,8,7,18,33,3
70,8,8,15,33,3
71,8,1,20,30,0
71,8,2,23,30,0
71,8,3,23,33,0
71,8,4,20,33,0
71,8,5,20,30,3
71,8,6,23,30,3
71,8,7,23,33,3
71,8,8,20,33,3
72,8,1,25,30,0
72,8,2,28,30,0
72,8,3,28,33,0
72,8,4,25,33,0
72,8,5,25,30,3
72,8,6,28,30,3
72,8,7,28,33,3
72,8,8,25,33,3
73,8,1,30,30,0
73,8,2,33,30,0
73,8,3,33,33,0
73,8,4,30,33,0
73,8,5,30,30,3
73,8,6,33,30,3
73,8,7,33,33,3
73,8,8,30,33,3
74,8,1,35,30,0
74,8,2,38,30,0
74,8,3,38,33,0
74,8,4,35,33,0
74,8,5,35,30,3
74,8,6,38,30,3
74,8,7,38,33,3
74,8,8,35,33,3
75,8,1,40,30,0
75,8,2,43,30,0
75,8,3,43,33,0
75,8,4,40,33,0
75,8,5,40,30,3
75,8,6,43,30,3
75,8,7,43,33,3
75,8,8,40,33,3
76,8,1,45,30,0
76,8,2,48,30,0
76,8,3,48,33,0
76,8,4,45,33,0
76,8,5,45,30,3
76,8,6,48,30,3
76,8,7,48,33,3
76,8,8,45,33,3
77,8,1,50,30,0
77,8,2,53,30,0
77,8,3,53,33,0
77,8,4,50,33,0
77,8,5,50,30,3
77,8,6,53,30,3
77,8,7,53,33,3
77,8,8,50,33,3
78,8,1,0,35,0
78,8,2,3,35,0
78,8,3,3,38,0
78,8,4,0,38,0
78,8,5,0,35,3
78,8,6,3,35,3
78,8,7,3,38,3
78,8,8,0,38,3
79,8,1,5,35,0
79,8,2,8,35,0
79,8,3,8,38,0
79,8,4,5,38,0
79,8,5,5,35,3
79,8,6,8,35,3
79,8,7,8,38,3
79,8,8,5,38,3
80,8,1,10,35,0
80,8,2,13,35,0
80,8,3,13,38,0
80,8,4,10,38,0
80,8,5,10,35,3
80,8,6,13,35,3
80,8,7,13,38,3
80,8,8,10,38,3
81,8,1,15,35,0
81,8,2,18,35,0
81,8,3,18,38,0
81,8,4,15,38,0
81,8,5,15,35,3
81,8,6,18,35,3
81,8,7,18,38,3
81,8,8,15,38,3
82,8,1,20,35,0
82,8,2,23,35,0
82,8,3,23,38,0
82,8,4,20,38,0
82,8,5,20,35,3
82,8,6,23,35,3
82,8,7,23,38,3
82,8,8,20,38,3
83,8,1,25,35,0
83,8,2,28,35,0
83,8,3,28,38,0
83,8,4,25,38,0
83,8,5,25,35,3
83,8,6,28,35,3
83,8,7,28,38,3
83,8,8,25,38,3
84,8,1,30,35,0
84,8,2,33,35,0
84,8,3,33,38,0
84,8,4,30,38,0
84,8,5,30,35,3
84,8,6,33,35,3
84,8,7,33,38,3
84,8,8,30,38,3
85,8,1,35,35,0
85,8,2,38,35,0
85,8,3,38,38,0
85,8,4,35,38,0
85,8,5,35,35,3
85,8,6,38,35,3
85,8,7,38,38,3
85,8,8,35,38,3
86,8,1,40,35,0
86,8,2,43,35,0
86,8,3,43,38,0
86,8,4,40,38,0
86,8,5,40,35,3
86,8,6,43,35,3
86,8,7,43,38,3
86,8,8,40,38,3
87,8,1,45,35,0
87,8,2,48,35,0
87,8,3,48,38,0
87,8,4,45,38,0
87,8,5,45,35,3
87,8,6,48,35,3
87,8,7,48,38,3
87,8,8,45,38,3
88,8,1,50,35,0
88,8,2,53,35,0
88,8,3,53,38,0
88,8,4,50,38,0
88,8,5,50,35,3
88,8,6,53,35,3
88,8,7,53,38,3
88,8,8,50,38,3
89,8,1,0,40,0
89,8,2,3,40,0
89,8,3,3,43,0
89,8,4,0,43,0
89,8,5,0,40,3
89,8,6,3,40,3
89,8,7,3,43,3
89,8,8,0,43,3
90,8,1,5,40,0
90,8,2,8,40,0
90,8,3,8,43,0
90,8,4,5,43,0
90,8,5,5,40,3
90,8,6,8,40,3
90,8,7,8,43,3
90,8,8,5,43,3
91,8,1,10,40,0
91,8,2,13,40,0
91,8,3,13,43,0
91,8,4,10,43,0
91,8,5,10,40,3
91,8,6,13,40,3
91,8,7,13,43,3
91,8,8,10,43,3
92,8,1,15,40,0
92,8,2,18,40,0
92,8,3,18,43,0
92,8,4,15,43,0
92,8,5,15,40,3
92,8,6,18,40,3
92,8,7,18,43,3
92,8,8,15,43,3
93,8,1,20,40,0
93,8,2,23,40,0
93,8,3,23,43,0
93,8,4,20,43,0
93,8,5,20,40,3
93,8,6,23,40,3
93,8,7,23,43,3
93,8,8,20,43,3
94,8,1,25,40,0
94,8,2,28,40,0
94,8,3,28,43,0
94,8,4,25,43,0
94,8,5,25,40,3
94,8,6,28,40,3
94,8,7,28,43,3
94,8,8,25,43,3
95,8,1,30,40,0
95,8,2,33,40,0
95,8,3,33,43,0
95,8,4,30,43,0
95,8,5,30,40,3
95,8,6,33,40,3
95,8,7,33,43,3
95,8,8,30,43,3
96,8,1,35,40,0
96,8,2,38,40,0
96,8,3,38,43,0
96,8,4,35,43,0
96,8,5,35,40,3
96,8,6,38,40,3
96,8,7,38,43,3
96,8,8,35,43,3
97,8,1,40,40,0
97,8,2,43,40,0
97,8,3,43,43,0
97,8,4,40,43,0
97,8,5,40,40,3
97,8,6,43,40,3
97,8,7,43,43,3
97,8,8,40,43,3
98,8,1,45,40,0
98,8,2,48,40,0
98,8,3,48,43,0
98,8,4,45,43,0
98,8,5,45,40,3
98,8,6,48,40,3
98,8,7,48,43,3
98,8,8,45,43,3
99,8,1,50,40,0
99,8,2,53,40,0
99,8,3,53,43,0
99,8,4,50,43,0
99,8,5,50,40,3
99,8,6,53,40,3
99,8,7,53,43,3
99,8,8,50,43,3
100,8,1,0,45,0
100,8,2,3,45,0
100,8,3,3,48,0
100,8,4,0,48,0
100,8,5,0,45,3
100,8,6,3,45,3
100,8,7,3,48,3
100,8,8,0,48,3
101,8,1,5,45,0
101,8,2,8,45,0
101,8,3,8,48,0
101,8,4,5,48,0
101,8,5,5,45,3
101,8,6,8,45,3
101,8,7,8,48,3
101,8,8,5,48,3
102,8,1,10,45,0
102,8,2,13,45,0
102,8,3,13,48,0
102,8,4,10,48,0
102,8,5,10,45,3
102,8,6,13,45,3
102,8,7,13,48,3
102,8,8,10,48,3
103,8,1,15,45,0
103,8,2,18,45,0
103,8,3,18,48,0
103,8,4,15,48,0
103,8,5,15,45,3
103,8,6,18,45,3
103,8,7,18,48,3
103,8,8,15,48,3
104,8,1,20,45,0
104,8,2,23,45,0
104,8,3,23,48,0
104,8,4,20,48,0
104,8,5,20,45,3
104,8,6,23,45,3
104,8,7,23,48,3
104,8,8,20,48,3
105,8,1,25,45,0
105,8,2,28,45,0
105,8,3,28,48,0
105,8,4,25,48,0
105,8,5,25,45,3
105,8,6,28,45,3
105,8,7,28,48,3
105,8,8,25,48,3
106,8,1,30,45,0
106,8,2,33,45,0
106,8,3,33,48,0
106,8,4,30,48,0
106,8,5,30,45,3
106,8,6,33,45,3
106,8,7,33,48,3
106,8,8,30,48,3
107,8,1,35,45,0
107,8,2,38,45,0
107,8,3,38,48,0
107,8,4,35,48,0
107,8,5,35,45,3
107,8,6,38,45,3
107,8,7,38,48,3
107,8,8,35,48,3
108,8,1,40,45,0
108,8,2,43,45,0
108,8,3,43,48,0
108,8,4,40,48,0
108,8,5,40,45,3
108,8,6,43,45,3
108,8,7,43,48,3
108,8,8,40,48,3
109,8,1,45,45,0
109,8,2,48,45,0
109,8,3,48,48,0
109,8,4,45,48,0
109,8,5,45,45,3
109,8,6,48,45,3
109,8,7,48,48,3
109,8,8,45,48,3
110,8,1,50,45,0
110,8,2,53,45,0
110,8,3,53,48,0
110,8,4,50,48,0
110,8,5,50,45,3
110,8,6,53,45,3
110,8,7,53,48,3
110,8,8,50,48,3
111,8,1,0,50,0
111,8,2,3,50,0
111,8,3,3,53,0
111,8,4,0,53,0
111,8,5,0,50,3
111,8,6,3,50,3
111,8,7,3,53,3
111,8,8,0,53,3
112,8,1,5,50,0
112,8,2,8,50,0
112,8,3,8,53,0
112,8,4,5,53,0
112,8,5,5,50,3
112,8,6,8,50,3
112,8,7,8,53,3
112,8,8,5,53,3
113,8,1,10,50,0
113,8,2,13,50,0
113,8,3,13,53,0
113,8,4,10,53,0
113,8,5,10,50,3
113,8,6,13,50,3
113,8,7,13,53,3
113,8,8,10,53,3
114,8,1,15,50,0
114,8,2,18,50,0
114,8,3,18,53,0
114,8,4,15,53,0
114,8,5,15,50,3
114,8,6,18,50,3
114,8,7,18,53,3
114,8,8,15,53,3
115,8,1,20,50,0
115,8,2,23,50,0
115,8,3,23,53,0
115,8,4,20,53,0
115,8,5,20,50,3
115,8,6,23,50,3
115,8,7,23,53,3
115,8,8,20,53,3
116,8,1,25,50,0
116,8,2,28,50,0
116,8,3,28,53,0
116,8,4,25,53,0
116,8,5,25,50,3
116,8,6,28,50,3
116,8,7,28,53,3
116,8,8,25,53,3
117,8,1,30,50,0
117,8,2,33,50,0
117,8,3,33,53,0
117,8,4,30,53,0
117,8,5,30,50,3
117,8,6,33,50,3
117,8,7,33,53,3
117,8,8,30,53,3
118,8,1,35,50,0
118,8,2,38,50,0
118,8,3,38,53,0
118,8,4,35,53,0
118,8,5,35,50,3
118,8,6,38,50,3
118,8,7,38,53,3
118,8,8,35,53,3
119,8,1,40,50,0
119,8,2,43,50,0
119,8,3,43,53,0
119,8,4,40,53,0
119,8,5,40,50,3
119,8,6,43,50,3
119,8,7,43,53,3
119,8,8,40,53,3
120,8,1,45,50,0
120,8,2,48,50,0
120,8,3,48,53,0
120,8,4,45,53,0
120,8,5,45,50,3
120,8,6,48,50,3
120,8,7,48,53,3
120,8,8,45,53,3
121,8,1,50,50,0
121,8,2,53,50,0
121,8,3,53,53,0
121,8,4,50,53,0
121,8,5,50,50,3
121,8,6,53,50,3
121,8,7,53,53,3
121,8,8,50,53,3
122,8,1,0,55,0
122,8,2,3,55,0
122,8,3,3,58,0
122,8,4,0,58,0
122,8,5,0,55,3
122,8,6,3,55,3
122,8,7,3,58,3
122,8,8,0,58,3
123,8,1,5,55,0
123,8,2,8,55,0
123,8,3,8,58,0
123,8,4,5,58,0
123,8,5,5,55,3
123,8,6,8,55,3
123,8,7,8,58,3
123,8,8,5,58,3
124,8,1,10,55,0
124,8,2,13,55,0
124,8,3,13,58,0
124,8,4,10,58,0
124,8,5,10,55,3
124,8,6,13,55,3
124,8,7,13,58,3
124,8,8,10,58,3
125,8,1,15,55,0
125,8,2,18,55,0
125,8,3,18,58,0
125,8,4,15,58,0
125,8,5,15,55,3
125,8,6,18,55,3
125,8,7,18,58,3
125,8,8,15,58,3
126,8,1,20,55,0
126,8,2,23,55,0
126,8,3,23,58,0
126,8,4,20,58,0
126,8,5,20,55,3
126,8,6,23,55,3
126,8,7,23,58,3
126,8,8,20,58,3
127,8,1,25,55,0
127,8,2,28,55,0
127,8,3,28,58,0
127,8,4,25,58,0
127,8,5,25,55,3
127,8,6,28,55,3
127,8,7,28,58,3
127,8,8,25,58,3
128,8,1,30,55,0
128,8,2,33,55,0
128,8,3,33,58,0
128,8,4,30,58,0
128,8,5,30,55,3
128,8,6,33,55,3
128,8,7,33,58,3
128,8,8,30,58,3
129,8,1,35,55,0
129,8,2,38,55,0
129,8,3,38,58,0
129,8,4,35,58,0
129,8,5,35,55,3
129,8,6,38,55,3
129,8,7,38,58,3
129,8,8,35,58,3
130,8,1,40,55,0
130,8,2,43,55,0
130,8,3,43,58,0
130,8,4,40,58,0
130,8,5,40,55,3
130,8,6,43,55,3
130,8,7,43,58,3
130,8,8,40,58,3
131,8,1,45,55,0
131,8,2,48,55,0
131,8,3,48,58,0
131,8,4,45,58,0
131,8,5,45,55,3
131,8,6,48,55,3
131,8,7,48,58,3
131,8,8,45,58,3
132,8,1,50,55,0
132,8,2,53,55,0
132,8,3,53,58,0
132,8,4,50,58,0
132,8,5,50,55,3
132,8,6,53,55,3
132,8,7,53,58,3
132,8,8,50,58,3
133,8,1,0,60,0
133,8,2,3,60,0
133,8,3,3,63,0
133,8,4,0,63,0
133,8,5,0,60,3
133,8,6,3,60,3
133,8,7,3,63,3
133,8,8,0,63,3
134,8,1,5,60,0
134,8,2,8,60,0
134,8,3,8,63,0
134,8,4,5,63,0
134,8,5,5,60,3
134,8,6,8,60,3
134,8,7,8,63,3
134,8,8,5,63,3
135,8,1,10,60,0
135,8,2,13,60,0
135,8,3,13,63,0
135,8,4,10,63,0
135,8,5,10,60,3
135,8,6,13,60,3
135,8,7,13,63,3
135,8,8,10,63,3
136,8,1,15,60,0
136,8,2,18,60,0
136,8,3,18,63,0
136,8,4,15,63,0
136,8,5,15,60,3
136,8,6,18,60,3
136,8,7,18,63,3
136,8,8,15,63,3
137,8,1,20,60,0
137,8,2,23,60,0
137,8,3,23,63,0
137,8,4,20,63,0
137,8,5,20,60,3
137,8,6,23,60,3
137,8,7,23,63,3
137,8,8,20,63,3
138,8,1,25,60,0
138,8,2,28,60,0
138,8,3,28,63,0
138,8,4,25,63,0
138,8,5,25,60,3
138,8,6,28,60,3
138,8,7,28,63,3
138,8,8,25,63,3
139,8,1,30,60,0
139,8,2,33,60,0
139,8,3,33,63,0
139,8,4,30,63,0
139,8,5,30,60,3
139,8,6,33,60,3
139,8,7,33,63,3
139,8,8,30,63,3
140,8,1,35,60,0
140,8,2,38,60,0
140,8,3,38,63,0
140,8,4,35,63,0
140,8,5,35,60,3
140,8,6,38,60,3
140,8,7,38,63,3
140,8,8,35,63,3
141,8,1,40,60,0
141,8,2,43,60,0
141,8,3,43,63,0
141,8,4,40,63,0
141,8,5,40,60,3
141,8,6,43,60,3
141,8,7,43,63,3
141,8,8,40,63,3
142,8,1,45,60,0
142,8,2,48,60,0
142,8,3,48,63,0
142,8,4,45,63,0
142,8,5,45,60,3
142,8,6,48,60,3
142,8,7,48,63,3
142,8,8,45,63,3
143,8,1,50,60,0
143,8,2,53,60,0
143,8,3,53,63,0
143,8,4,50,63,0
143,8,5,50,60,3
143,8,6,53,60,3
143,8,7,53,63,3
143,8,8,50,63,3
144,8,1,0,65,0
144,8,2,3,65,0
144,8,3,3,68,0
144,8,4,0,68,0
144,8,5,0,65,3
144,8,6,3,65,3
144,8,7,3,68,3
144,8,8,0,68,3
145,8,1,5,65,0
145,8,2,8,65,0
145,8,3,8,68,0
145,8,4,5,68,0
145,8,5,5,65,3
145,8,6,8,65,3
145,8,7,8,68,3
145,8,8,5,68,3
146,8,1,10,65,0
146,8,2,13,65,0
146,8,3,13,68,0
146,8,4,10,68,0
146,8,5,10,65,3
146,8,6,13,65,3
146,8,7,13,68,3
146,8,8,10,68,3
147,8,1,15,65,0
147,8,2,18,65,0
147,8,3,18,68,0
147,8,4,15,68,0
147,8,5,15,65,3
147,8,6,18,65,3
147,8,7,18,68,3
147,8,8,15,68,3
148,8,1,20,65,0
148,8,2,23,65,0
148,8,3,23,68,0
148,8,4,20,68,0
148,8,5,20,65,3
148,8,6,23,65,3
148,8,7,23,68,3
148,8,8,20,68,3
149,8,1,25,65,0
149,8,2,28,65,0
149,8,3,28,68,0
149,8,4,25,68,0
149,8,5,25,65,3
149,8,6,28,65,3
149,8,7,28,68,3
149,8,8,25,68,3
150,8,1,30,65,0
150,8,2,33,65,0
150,8,3,33,68,0
150,8,4,30,68,0
150,8,5,30,65,3
150,8,6,33,65,3
150,8,7,33,68,3
150,8,8,30,68,3
151,8,1,35,65,0
151,8,2,38,65,0
151,8,3,38,68,0
151,8,4,35,68,0
151,8,5,35,65,3
151,8,6,38,65,3
151,8,7,38,68,3
151,8,8,35,68,3
152,8,1,40,65,0
152,8,2,43,65,0
152,8,3,43,68,0
152,8,4,40,68,0
152,8,5,40,65,3
152,8,6,43,65,3
152,8,7,43,68,3
152,8,8,40,68,3
153,8,1,45,65,0
153,8,2,48,65,0
153,8,3,48,68,0
153,8,4,45,68,0
153,8,5,45,65,3
153,8,6,48,65,3
153,8,7,48,68,3
153,8,8,45,68,3
154,8,1,50,65,0
154,8,2,53,65,0
154,8,3,53,68,0
154,8,4,50,68,0
154,8,5,50,65,3
154,8,6,53,65,3
154,8,7,53,68,3
154,8,8,50,68,3
155,8,1,0,70,0
155,8,2,3,70,0
155,8,3,3,73,0
155,8,4,0,73,0
155,8,5,0,70,3
155,8,6,3,70,3
155,8,7,3,73,3
155,8,8,0,73,3
156,8,1,5,70,0
156,8,2,8,70,0
156,8,3,8,73,0
156,8,4,5,73,0
156,8,5,5,70,3
156,8,6,8,70,3
156,8,7,8,73,3
156,8,8,5,73,3
157,8,1,10,70,0
157,8,2,13,70,0
157,8,3,13,73,0
157,8,4,10,73,0
157,8,5,10,70,3
157,8,6,13,70,3
157,8,7,13,73,3
157,8,8,10,73,3
158,8,1,15,70,0
158,8,2,18,70,0
158,8,3,18,73,0
158,8,4,15,73,0
158,8,5,15,70,3
158,8,6,18,70,3
158,8,7,18,73,3
158,8,8,15,73,3
159,8,1,20,70,0
159,8,2,23,70,0
159,8,3,23,73,0
159,8,4,20,73,0
159,8,5,20,70,3
159,8,6,23,70,3
159,8,7,23,73,3
159,8,8,20,73,3
160,8,1,25,70,0
160,8,2,28,70,0
160,8,3,28,73,0
160,8,4,25,73,0
160,8,5,25,70,3
160,8,6,28,70,3
160,8,7,28,73,3
160,8,8,25,73,3
161,8,1,30,70,0
161,8,2,33,70,0
161,8,3,33,73,0
161,8,4,30,73,0
161,8,5,30,70,3
161,8,6,33,70,3
161,8,7,33,73,3
161,8,8,30,73,3
162,8,1,35,70,0
162,8,2,38,70,0
162,8,3,38,73,0
162,8,4,35,73,0
162,8,5,35,70,3
162,8,6,38,70,3
162,8,7,38,73,3
162,8,8,35,73,3
163,8,1,40,70,0
163,8,2,43,70,0
163,8,3,43,73,0
163,8,4,40,73,0
163,8,5,40,70,3
163,8,6,43,70,3
163,8,7,43,73,3
163,8,8,40,73,3
164,8,1,45,70,0
164,8,2,48,70,0
164,8,3,48,73,0
164,8,4,45,73,0
164,8,5,45,70,3
164,8,6,48,70,3
164,8,7,48,73,3
164,8,8,45,73,3
165,8,1,50,70,0
165,8,2,53,70,0
165,8,3,53,73,0
165,8,4,50,73,0
165,8,5,50,70,3
165,8,6,53,70,3
165,8,7,53,73,3
165,8,8,50,73,3
166,8,1,0,75,0
166,8,2,3,75,0
166,8,3,3,78,0
166,8,4,0,78,0
166,8,5,0,75,3
166,8,6,3,75,3
166,8,7,3,78,3
166,8,8,0,78,3
167,8,1,5,75,0
167,8,2,8,75,0
167,8,3,8,78,0
167,8,4,5,78,0
167,8,5,5,75,3
167,8,6,8,75,3
167,8,7,8,78,3
167,8,8,5,78,3
168,8,1,10,75,0
168,8,2,13,75,0
168,8,3,13,78,0
168,8,4,10,78,0
168,8,5,10,75,3
168,8,6,13,75,3
168,8,7,13,78,3
168,8,8,10,78,3
169,8,1,15,75,0
169,8,2,18,75,0
169,8,3,18,78,0
169,8,4,15,78,0
169,8,5,15,75,3
169,8,6,18,75,3
169,8,7,18,78,3
169,8,8,15,78,3
170,8,1,20,75,0
170,8,2,23,75,0
170,8,3,23,78,0
170,8,4,20,78,0
170,8,5,20,75,3
170,8,6,23,75,3
170,8,7,23,78,3
170,8,8,20,78,3
171,8,1,25,75,0
171,8,2,28,75,0
171,8,3,28,78,0
171,8,4,25,78,0
171,8,5,25,75,3
171,8,6,28,75,3
171,8,7,28,78,3
171,8,8,25,78,3
172,8,1,30,75,0
172,8,2,33,75,0
172,8,3,33,78,0
172,8,4,30,78,0
172,8,5,30,75,3
172,8,6,33,75,3
172,8,7,33,78,3
172,8,8,30,78,3
173,8,1,35,75,0
173,8,2,38,75,0
173,8,3,38,78,0
173,8,4,35,78,0
173,8,5,35,75,3
173,8,6,38,75,3
173,8,7,38,78,3
173,8,8,35,78,3
174,8,1,40,75,0
174,8,2,43,75,0
174,8,3,43,78,0
174,8,4,40,78,0
174,8,5,40,75,3
174,8,6,43,75,3
174,8,7,43,78,3
174,8,8,40,78,3
175,8,1,45,75,0
175,8,2,48,75,0
175,8,3,48,78,0
175,8,4,45,78,0
175,8,5,45,75,3
175,8,6,48,75,3
175,8,7,48,78,3
175,8,8,45,78,3
176,8,1,50,75,0
176,8,2,53,75,0
176,8,3,53,78,0
176,8,4,50,78,0
176,8,5,50,75,3
176,8,6,53,75,3
176,8,7,53,78,3
176,8,8,50,78,3
177,8,1,0,80,0
177,8,2,3,80,0
177,8,3,3,83,0
177,8,4,0,83,0
177,8,5,0,80,3
177,8,6,3,80,3
177,8,7,3,83,3
177,8,8,0,83,3
178,8,1,5,80,0
178,8,2,8,80,0
178,8,3,8,83,0
178,8,4,5,83,0
178,8,5,5,80,3
178,8,6,8,80,3
178,8,7,8,83,3
178,8,8,5,83,3
179,8,1,10,80,0
179,8,2,13,80,0
179,8,3,13,83,0
179,8,4,10,83,0
179,8,5,10,80,3
179,8,6,13,80,3
179,8,7,13,83,3
179,8,8,10,83,3
180,8,1,15,80,0
180,8,2,18,80,0
180,8,3,18,83,0
180,8,4,15,83,0
180,8,5,15,80,3
180,8,6,18,80,3
180,8,7,18,83,3
180,8,8,15,83,3
181,8,1,20,80,0
181,8,2,23,80,0
181,8,3,23,83,0
181,8,4,20,83,0
181,8,5,20,80,3
181,8,6,23,80,3
181,8,7,23,83,3
181,8,8,20,83,3
182,8,1,25,80,0
182,8,2,28,80,0
182,8,3,28,83,0
182,8,4,25,83,0
182,8,5,25,80,3
182,8,6,28,80,3
182,8,7,28,83,3
182,8,8,25,83,3
183,8,1,30,80,0
183,8,2,33,80,0
183,8,3,33,83,0
183,8,4,30,83,0
183,8,5,30,80,3
183,8,6,33,80,3
183,8,7,33,83,3
183,8,8,30,83,3
184,8,1,35,80,0
184,8,2,38,80,0
184,8,3,38,83,0
184,8,4,35,83,0
184,8,5,35,80,3
184,8,6,38,80,3
184,8,7,38,83,3
184,8,8,35,83,3
185,8,1,40,80,0
185,8,2,43,80,0
185,8,3,43,83,0
185,8,4,40,83,0
185,8,5,40,80,3
185,8,6,43,80,3
185,8,7,43,83,3
185,8,8,40,83,3
186,8,1,45,80,0
186,8,2,48,80,0
186,8,3,48,83,0
186,8,4,45,83,0
186,8,5,45,80,3
186,8,6,48,80,3
186,8,7,48,83,3
186,8,8,45,83,3
187,8,1,50,80,0
187,8,2,53,80,0
187,8,3,53,83,0
187,8,4,50,83,0
187,8,5,50,80,3
187,8,6,53,80,3
187,8,7,53,83,3
187,8,8,50,83,3
188,8,1,0,85,0
188,8,2,3,85,0
188,8,3,3,88,0
188,8,4,0,88,0
188,8,5,0,85,3
188,8,6,3,85,3
188,8,7,3,88,3
188,8,8,0,88,3
189,8,1,5,85,0
189,8,2,8,85,0
189,8,3,8,88,0
189,8,4,5,88,0
189,8,5,5,85,3
189,8,6,8,85,3
189,8,7,8,88,3
189,8,8,5,88,3
190,8,1,10,85,0
190,8,2,13,85,0
190,8,3,13,88,0
190,8,4,10,88,0
190,8,5,10,85,3
190,8,6,13,85,3
190,8,7,13,88,3
190,8,8,10,88,3
191,8,1,15,85,0
191,8,2,18,85,0
191,8,3,18,88,0
191,8,4,15,88,0
191,8,5,15,85,3
191,8,6,18,85,3
191,8,7,18,88,3
191,8,8,15,88,3
192,8,1,20,85,0
192,8,2,23,85,0
192,8,3,23,88,0
192,8,4,20,88,0
192,8,5,20,85,3
192,8,6,23,85,3
192,8,7,23,88,3
192,8,8,20,88,3
193,8,1,25,85,0
193,8,2,28,85,0
193,8,3,28,88,0
193,8,4,25,88,0
193,8,5,25,85,3
193,8,6,28,85,3
193,8,7,28,88,3
193,8,8,25,88,3
194,8,1,30,85,0
194,8,2,33,85,0
194,8,3,33,88,0
194,8,4,30,88,0
194,8,5,30,85,3
194,8,6,33,85,3
194,8,7,33,88,3
194,8,8,30,88,3
195,8,1,35,85,0
195,8,2,38,85,0
195,8,3,38,88,0
195,8,4,35,88,0
195,8,5,35,85,3
195,8,6,38,85,3
195,8,7,38,88,3
195,8,8,35,88,3
196,8,1,40,85,0
196,8,2,43,85,0
196,8,3,43,88,0
196,8,4,40,88,0
196,8,5,40,85,3
196,8,6,43,85,3
196,8,7,43,88,3
196,8,8,40,88,3
197,8,1,45,85,0
197,8,2,48,85,0
197,8,3,48,88,0
197,8,4,45,88,0
197,8,5,45,85,3
197,8,6,48,85,3
197,8,7,48,88,3
197,8,8,45,88,3
198,8,1,50,85,0
198,8,2,53,85,0
198,8,3,53,88,0
198,8,4,50,88,0
198,8,5,50,85,3
198,8,6,53,85,3
198,8,7,53,88,3
198,8,8,50,88,3
199,8,1,0,90,0
199,8,2,3,90,0
199,8,3,3,93,0
199,8,4,0,93,0
199,8,5,0,90,3
199,8,6,3,90,3
199,8,7,3,93,3
199,8,8,0,93,3
200,8,1,5,90,0
200,8,2,8,90,0
200,8,3,8,93,0
200,8,4,5,93,0
200,8,5,5,90,3
200,8,6,8,90,3
200,8,7,8,93,3
200,8,8,5,93,3
201,8,1,10,90,0
201,8,2,13,90,0
201,8,3,13,93,0
201,8,4,10,93,0
201,8,5,10,90,3
201,8,6,13,90,3
201,8,7,13,93,3
201,8,8,10,93,3
202,8,1,15,90,0
202,8,2,18,90,0
202,8,3,18,93,0
202,8,4,15,93,0
202,8,5,15,90,3
202,8,6,18,90,3
202,8,7,18,93,3
202,8,8,15,93,3
203,8,1,20,90,0
203,8,2,23,90,0
203,8,3,23,93,0
203,8,4,20,93,0
203,8,5,20,90,3
203,8,6,23,90,3
203,8,7,23,93,3
203,8,8,20,93,3
204,8,1,25,90,0
204,8,2,28,90,0
204,8,3,28,93,0
204,8,4,25,93,0
204,8,5,25,90,3
204,8,6,28,90,3
204,8,7,28,93,3
204,8,8,25,93,3
205,8,1,30,90,0
205,8,2,33,90,0
205,8,3,33,93,0
205,8,4,30,93,0
205,8,5,30,90,3
205,8,6,33,90,3
205,8,7,33,93,3
205,8,8,30,93,3
206,8,1,35,90,0
206,8,2,38,90,0
206,8,3,38,93,0
206,8,4,35,93,0
206,8,5,35,90,3
206,8,6,38,90,3
206,8,7,38,93,3
206,8,8,35,93,3
207,8,1,40,90,0
207,8,2,43,90,0
207,8,3,43,93,0
207,8,4,40,93,0
207,8,5,40,90,3
207,8,6,43,90,3
207,8,7,43,93,3
207,8,8,40,93,3
208,8,1,45,90,0
208,8,2,48,90,0
208,8,3,48,93,0
208,8,4,45,93,0
208,8,5,45,90,3
208,8,6,48,90,3
208,8,7,48,93,3
208,8,8,45,93,3
209,8,1,50,90,0
209,8,2,53,90,0
209,8,3,53,93,0
209,8,4,50,93,0
209,8,5,50,90,3
209,8,6,53,90,3
209,8,7,53,93,3
209,8,8,50,93,3
210,8,1,0,95,0
210,8,2,3,95,0
210,8,3,3,98,0
210,8,4,0,98,0
210,8,5,0,95,3
210,8,6,3,95,3
210,8,7,3,98,3
210,8,8,0,98,3
211,8,1,5,95,0
211,8,2,8,95,0
211,8,3,8,98,0
211,8,4,5,98,0
211,8,5,5,95,3
211,8,6,8,95,3
211,8,7,8,98,3
211,8,8,5,98,3
212,8,1,10,95,0
212,8,2,13,95,0
212,8,3,13,98,0
212,8,4,10,98,0
212,8,5,10,95,3
212,8,6,13,95,3
212,8,7,13,98,3
212,8,8,10,98,3
213,8,1,15,95,0
213,8,2,18,95,0
213,8,3,18,98,0
213,8,4,15,98,0
213,8,5,15,95,3
213,8,6,18,95,3
213,8,7,18,98,3
213,8,8,15,98,3
214,8,1,20,95,0
214,8,2,23,95,0
214,8,3,23,98,0
214,8,4,20,98,0
214,8,5,20,95,3
214,8,6,23,95,3
214,8,7,23,98,3
214,8,8,20,98,3
215,8,1,25,95,0
215,8,2,28,95,0
215,8,3,28,98,0
215,8,4,25,98,0
215,8,5,25,95,3
215,8,6,28,95,3
215,8,7,28,98,3
215,8,8,25,98,3
216,8,1,30,95,0
216,8,2,33,95,0
216,8,3,33,98,0
216,8,4,30,98,0
216,8,5,30,95,3
216,8,6,33,95,3
216,8,7,33,98,3
216,8,8,30,98,3
217,8,1,35,95,0
217,8,2,38,95,0
217,8,3,38,98,0
217,8,4,35,98,0
217,8,5,35,95,3
217,8,6,38,95,3
217,8,7,38,98,3
217,8,8,35,98,3
218,8,1,40,95,0
218,8,2,43,95,0
218,8,3,43,98,0
218,8,4,40,98,0
218,8,5,40,95,3
218,8,6,43,95,3
218,8,7,43,98,3
218,8,8,40,98,3
219,8,1,45,95,0
219,8,2,48,95,0
219,8,3,48,98,0
219,8,4,45,98,0
219,8,5,45,95,3
219,8,6,48,95,3
219,8,7,48,98,3
219,8,8,45,98,3
220,8,1,50,95,0
220,8,2,53,95,0
220,8,3,53,98,0
220,8,4,50,98,0
220,8,5,50,95,3
220,8,6,53,95,3
220,8,7,53,98,3
220,8,8,50,98,3
221,8,1,0,100,0
221,8,2,3,100,0
221,8,3,3,103,0
221,8,4,0,103,0
221,8,5,0,100,3
221,8,6,3,100,3
221,8,7,3,103,3
221,8,8,0,103,3
222,8,1,5,100,0
222,8,2,8,100,0
222,8,3,8,103,0
222,8,4,5,103,0
222,8,5,5,100,3
222,8,6,8,100,3
222,8,7,8,103,3
222,8,8,5,103,3
223,8,1,10,100,0
223,8,2,13,100,0
223,8,3,13,103,0
223,8,4,10,103,0
223,8,5,10,100,3
223,8,6,13,100,3
223,8,7,13,103,3
223,8,8,10,103,3
224,8,1,15,100,0
224,8,2,18,100,0
224,8,3,18,103,0
224,8,4,15,103,0
224,8,5,15,100,3
224,8,6,18,100,3
224,8,7,18,103,3
224,8,8,15,103,3
225,8,1,20,100,0
225,8,2,23,100,0
225,8,3,23,103,0
225,8,4,20,103,0
225,8,5,20,100,3
225,8,6,23,100,3
225,8,7,23,103,3
225,8,8,20,103,3
226,8,1,25,100,0
226,8,2,28,100,0
226,8,3,28,103,0
226,8,4,25,103,0
226,8,5,25,100,3
226,8,6,28,100,3
226,8,7,28,103,3
226,8,8,25,103,3
227,8,1,30,100,0
227,8,2,33,100,0
227,8,3,33,103,0
227,8,4,30,103,0
227,8,5,30,100,3
227,8,6,33,100,3
227,8,7,33,103,3
227,8,8,30,103,3
228,8,1,35,100,0
228,8,2,38,100,0
228,8,3,38,103,0
228,8,4,35,103,0
228,8,5,35,100,3
228,8,6,38,100,3
228,8,7,38,103,3
228,8,8,35,103,3
229,8,1,40,100,0
229,8,2,43,100,0
229,8,3,43,103,0
229,8,4,40,103,0
229,8,5,40,100,3
229,8,6,43,100,3
229,8,7,43,103,3
229,8,8,40,103,3
230,8,1,45,100,0
230,8,2,48,100,0
230,8,3,48,103,0
230,8,4,45,103,0
230,8,5,45,100,3
230,8,6,48,100,3
230,8,7,48,103,3
230,8,8,45,103,3
231,8,1,50,100,0
231,8,2,53,100,0
231,8,3,53,103,0
231,8,4,50,103,0
231,8,5,50,100,3
231,8,6,53,100,3
231,8,7,53,103,3
231,8,8,50,103,3
232,8,1,0,105,0
232,8,2,3,105,0
232,8,3,3,108,0
232,8,4,0,108,0
232,8,5,0,105,3
232,8,6,3,105,3
232,8,7,3,108,3
232,8,8,0,108,3
233,8,1,5,105,0
233,8,2,8,105,0
233,8,3,8,108,0
233,8,4,5,108,0
233,8,5,5,105,3
233,8,6,8,105,3
233,8,7,8,108,3
233,8,8,5,108,3
234,8,1,10,105,0
234,8,2,13,105,0
234,8,3,13,108,0
234,8,4,10,108,0
234,8,5,10,105,3
234,8,6,13,105,3
234,8,7,13,108,3
234,8,8,10,108,3
235,8,1,15,105,0
235,8,2,18,105,0
235,8,3,18,108,0
235,8,4,15,108,0
235,8,5,15,105,3
235,8,6,18,105,3
235,8,7,18,108,3
235,8,8,15,108,3
236,8,1,20,105,0
236,8,2,23,105,0
236,8,3,23,108,0
236,8,4,20,108,0
236,8,5,20,105,3
236,8,6,23,105,3
236,8,7,23,108,3
236,8,8,20,108,3
237,8,1,25,105,0
237,8,2,28,105,0
237,8,3,28,108,0
237,8,4,25,108,0
237,8,5,25,105,3
237,8,6,28,105,3
237,8,7,28,108,3
237,8,8,25,108,3
238,8,1,30,105,0
238,8,2,33,105,0
238,8,3,33,108,0
238,8,4,30,108,0
238,8,5,30,105,3
238,8,6,33,105,3
238,8,7,33,108,3
238,8,8,30,108,3
239,8,1,35,105,0
239,8,2,38,105,0
239,8,3,38,108,0
239,8,4,35,108,0
239,8,5,35,105,3
239,8,6,38,105,3
239,8,7,38,108,3
239,8,8,35,108,3
240,8,1,40,105,0
240,8,2,43,105,0
240,8,3,43,108,0
240,8,4,40,108,0
240,8,5,40,105,3
240,8,6,43,105,3
240,8,7,43,108,3
240,8,8,40,108,3
241,8,1,45,105,0
241,8,2,48,105,0
241,8,3,48,108,0
241,8,4,45,108,0
241,8,5,45,105,3
241,8,6,48,105,3
241,8,7,48,108,3
241,8,8,45,108,3
242,8,1,50,105,0
242,8,2,53,105,0
242,8,3,53,108,0
242,8,4,50,108,0
242,8,5,50,105,3
242,8,6,53,105,3
242,8,7,53,108,3
242,8,8,50,108,3
243,8,1,0,110,0
243,8,2,3,110,0
243,8,3,3,113,0
243,8,4,0,113,0
243,8,5,0,110,3
243,8,6,3,110,3
243,8,7,3,113,3
243,8,8,0,113,3
244,8,1,5,110,0
244,8,2,8,110,0
244,8,3,8,113,0
244,8,4,5,113,0
244,8,5,5,110,3
244,8,6,8,110,3
244,8,7,8,113,3
244,8,8,5,113,3
245,8,1,10,110,0
245,8,2,13,110,0
245,8,3,13,113,0
245,8,4,10,113,0
245,8,5,10,110,3
245,8,6,13,110,3
245,8,7,13,113,3
245,8,8,10,113,3
246,8,1,15,110,0
246,8,2,18,110,0
246,8,3,18,113,0
246,8,4,15,113,0
246,8,5,15,110,3
246,8,6,18,110,3
246,8,7,18,113,3
246,8,8,15,113,3
247,8,1,20,110,0
247,8,2,23,110,0
247,8,3,23,113,0
247,8,4,20,113,0
247,8,5,20,110,3
247,8,6,23,110,3
247,8,7,23,113,3
247,8,8,20,113,3
248,8,1,25,110,0
248,8,2,28,110,0
248,8,3,28,113,0
248,8,4,25,113,0
248,8,5,25,110,3
248,8,6,28,110,3
248,8,7,28,113,3
248,8,8,25,113,3
249,8,1,30,110,0
249,8,2,33,110,0
249,8,3,33,113,0
249,8,4,30,113,0
249,8,5,30,110,3
249,8,6,33,110,3
249,8,7,33,113,3
249,8,8,30,113,3
250,8,1,35,110,0
250,8,2,38,110,0
250,8,3,38,113,0
250,8,4,35,113,0
250,8,5,35,110,3
250,8,6,38,110,3
250,8,7,38,113,3
250,8,8,35,113,3
251,8,1,40,110,0
251,8,2,43,110,0
251,8,3,43,113,0
251,8,4,40,113,0
251,8,5,40,110,3
251,8,6,43,110,3
251,8,7,43,113,3
251,8,8,40,113,3
252,8,1,45,110,0
252,8,2,48,110,0
252,8,3,48,113,0
252,8,4,45,113,0
252,8,5,45,110,3
252,8,6,48,110,3
252,8,7,48,113,3
252,8,8,45,113,3
253,8,1,50,110,0
253,8,2,53,110,0
253,8,3,53,113,0
253,8,4,50,113,0
253,8,5,50,110,3
253,8,6,53,110,3
253,8,7,53,113,3
253,8,8,50,113,3
254,8,1,0,115,0
254,8,2,3,115,0
254,8,3,3,118,0
254,8,4,0,118,0
254,8,5,0,115,3
254,8,6,3,115,3
254,8,7,3,118,3
254,8,8,0,118,3
255,8,1,5,115,0
255,8,2,8,115,0
255,8,3,8,118,0
255,8,4,5,118,0
255,8,5,5,115,3
255,8,6,8,115,3
255,8,7,8,118,3
255,8,8,5,118,3
256,8,1,10,115,0
256,8,2,13,115,0
256,8,3,13,118,0
256,8,4,10,118,0
256,8,5,10,115,3
256,8,6,13,115,3
256,8,7,13,118,3
256,8,8,10,118,3
257,8,1,15,115,0
257,8,2,18,115,0
257,8,3,18,118,0
257,8,4,15,118,0
257,8,5,15,115,3
257,8,6,18,115,3
257,8,7,18,118,3
257,8,8,15,118,3
258,8,1,20,115,0
258,8,2,23,115,0
258,8,3,23,118,0
258,8,4,20,118,0
258,8,5,20,115,3
258,8,6,23,115,3
258,8,7,23,118,3
258,8,8,20,118,3
259,8,1,25,115,0
259,8,2,28,115,0
259,8,3,28,118,0
259,8,4,25,118,0
259,8,5,25,115,3
259,8,6,28,115,3
259,8,7,28,118,3
259,8,8,25,118,3
260,8,1,30,115,0
260,8,2,33,115,0
260,8,3,33,118,0
260,8,4,30,118,0
260,8,5,30,115,3
260,8,6,33,115,3
260,8,7,33,118,3
260,8,8,30,118,3
261,8,1,35,115,0
261,8,2,38,115,0
261,8,3,38,118,0
261,8,4,35,118,0
261,8,5,35,115,3
261,8,6,38,115,3
261,8,7,38,118,3
261,8,8,35,118,3
262,8,1,40,115,0
262,8,2,43,115,0
262,8,3,43,118,0
262,8,4,40,118,0
262,8,5,40,115,3
262,8,6,43,115,3
262,8,7,43,118,3
262,8,8,40,118,3
263,8,1,45,115,0
263,8,2,48,115,0
263,8,3,48,118,0
263,8,4,45,118,0
263,8,5,45,115,3
263,8,6,48,115,3
263,8,7,48,118,3
263,8,8,45,118,3
264,8,1,50,115,0
264,8,2,53,115,0
264,8,3,53,118,0
264,8,4,50,118,0
264,8,5,50,115,3
264,8,6,53,115,3
264,8,7,53,118,3
264,8,8,50,118,3
265,8,1,0,120,0
265,8,2,3,120,0
265,8,3,3,123,0
265,8,4,0,123,0
265,8,5,0,120,3
265,8,6,3,120,3
265,8,7,3,123,3
265,8,8,0,123,3
266,8,1,5,120,0
266,8,2,8,120,0
266,8,3,8,123,0
266,8,4,5,123,0
266,8,5,5,120,3
266,8,6,8,120,3
266,8,7,8,123,3
266,8,8,5,123,3
267,8,1,10,120,0
267,8,2,13,120,0
267,8,3,13,123,0
267,8,4,10,123,0
267,8,5,10,120,3
267,8,6,13,120,3
267,8,7,13,123,3
267,8,8,10,123,3
268,8,1,15,120,0
268,8,2,18,120,0
268,8,3,18,123,0
268,8,4,15,123,0
268,8,5,15,120,3
268,8,6,18,120,3
268,8,7,18,123,3
268,8,8,15,123,3
269,8,1,20,120,0
269,8,2,23,120,0
269,8,3,23,123,0
269,8,4,20,123,0
269,8,5,20,120,3
269,8,6,23,120,3
269,8,7,23,123,3
269,8,8,20,123,3
270,8,1,25,120,0
270,8,2,28,120,0
270,8,3,28,123,0
270,8,4,25,123,0
270,8,5,25,120,3
270,8,6,28,120,3
270,8,7,28,123,3
270,8,8,25,123,3
271,8,1,30,120,0
271,8,2,33,120,0
271,8,3,33,123,0
271,8,4,30,123,0
271,8,5,30,120,3
271,8,6,33,120,3
271,8,7,33,123,3
271,8,8,30,123,3
272,8,1,35,120,0
272,8,2,38,120,0
272,8,3,38,123,0
272,8,4,35,123,0
272,8,5,35,120,3
272,8,6,38,120,3
272,8,7,38,123,3
272,8,8,35,123,3
273,8,1,40,120,0
273,8,2,43,120,0
273,8,3,43,123,0
273,8,4,40,123,0
273,8,5,40,120,3
273,8,6,43,120,3
273,8,7,43,123,3
273,8,8,40,123,3
274,8,1,45,120,0
274,8,2,48,120,0
274,8,3,48,123,0
274,8,4,45,123,0
274,8,5,45,120,3
274,8,6,48,120,3
274,8,7,48,123,3
274,8,8,45,123,3
275,8,1,50,120,0
275,8,2,53,120,0
275,8,3,53,123,0
275,8,4,50,123,0
275,8,5,50,120,3
275,8,6,53,120,3
275,8,7,53,123,3
275,8,8,50,123,3
276,8,1,0,125,0
276,8,2,3,125,0
276,8,3,3,128,0
276,8,4,0,128,0
276,8,5,0,125,3
276,8,6,3,125,3
276,8,7,3,128,3
276,8,8,0,128,3
277,8,1,5,125,0
277,8,2,8,125,0
277,8,3,8,128,0
277,8,4,5,128,0
277,8,5,5,125,3
277,8,6,8,125,3
277,8,7,8,128,3
277,8,8,5,128,3
278,8,1,10,125,0
278,8,2,13,125,0
278,8,3,13,128,0
278,8,4,10,128,0
278,8,5,10,125,3
278,8,6,13,125,3
278,8,7,13,128,3
278,8,8,10,128,3
279,8,1,15,125,0
279,8,2,18,125,0
279,8,3,18,128,0
279,8,4,15,128,0
279,8,5,15,125,3
279,8,6,18,125,3
279,8,7,18,128,3
279,8,8,15,128,3
280,8,1,20,125,0
280,8,2,23,125,0
280,8,3,23,128,0
280,8,4,20,128,0
280,8,5,20,125,3
280,8,6,23,125,3
280,8,7,23,128,3
280,8,8,20,128,3
281,8,1,25,125,0
281,8,2,28,125,0
281,8,3,28,128,0
281,8,4,25,128,0
281,8,5,25,125,3
281,8,6,28,125,3
281,8,7,28,128,3
281,8,8,25,128,3
282,8,1,30,125,0
282,8,2,33,125,0
282,8,3,33,128,0
282,8,4,30,128,0
282,8,5,30,125,3
282,8,6,33,125,3
282,8,7,33,128,3
282,8,8,30,128,3
283,8,1,35,125,0
283,8,2,38,125,0
283,8,3,38,128,0
283,8,4,35,128,0
283,8,5,35,125,3
283,8,6,38,125,3
283,8,7,38,128,3
283,8,8,35,128,3
284,8,1,40,125,0
284,8,2,43,125,0
284,8,3,43,128,0
284,8,4,40,128,0
284,8,5,40,125,3
284,8,6,43,125,3
284,8,7,43,128,3
284,8,8,40,128,3
285,8,1,45,125,0
285,8,2,48,125,0
285,8,3,48,128,0
285,8,4,45,128,0
285,8,5,45,125,3
285,8,6,48,125,3
285,8,7,48,128,3
285,8,8,45,128,3
286,8,1,50,125,0
286,8,2,53,125,0
286,8,3,53,128,0
286,8,4,50,128,0
286,8,5,50,125,3
286,8,6,53,125,3
286,8,7,53,128,3
286,8,8,50,128,3
287,8,1,0,130,0
287,8,2,3,130,0
287,8,3,3,133,0
287,8,4,0,133,0
287,8,5,0,130,3
287,8,6,3,130,3
287,8,7,3,133,3
287,8,8,0,133,3
288,8,1,5,130,0
288,8,2,8,130,0
288,8,3,8,133,0
288,8,4,5,133,0
288,8,5,5,130,3
288,8,6,8,130,3
288,8,7,8,133,3
288,8,8,5,133,3
289,8,1,10,130,0
289,8,2,13,130,0
289,8,3,13,133,0
289,8,4,10,133,0
289,8,5,10,130,3
289,8,6,13,130,3
289,8,7,13,133,3
289,8,8,10,133,3
290,8,1,15,130,0
290,8,2,18,130,0
290,8,3,18,133,0
290,8,4,15,133,0
290,8,5,15,130,3
290,8,6,18,130,3
290,8,7,18,133,3
290,8,8,15,133,3
291,8,1,20,130,0
291,8,2,23,130,0
291,8,3,23,133,0
291,8,4,20,133,0
291,8,5,20,130,3
291,8,6,23,130,3
291,8,7,23,133,3
291,8,8,20,133,3
292,8,1,25,130,0
292,8,2,28,130,0
292,8,3,28,133,0
292,8,4,25,133,0
292,8,5,25,130,3
292,8,6,28,130,3
292,8,7,28,133,3
292,8,8,25,133,3
293,8,1,30,130,0
293,8,2,33,130,0
293,8,3,33,133,0
293,8,4,30,133,0
293,8,5,30,130,3
293,8,6,33,130,3
293,8,7,33,133,3
293,8,8,30,133,3
294,8,1,35,130,0
294,8,2,38,130,0
294,8,3,38,133,0
294,8,4,35,133,0
294,8,5,35,130,3
294,8,6,38,130,3
294,8,7,38,133,3
294,8,8,35,133,3
295,8,1,40,130,0
295,8,2,43,130,0
295,8,3,43,133,0
295,8,4,40,133,0
295,8,5,40,130,3
295,8,6,43,130,3
295,8,7,43,133,3
295,8,8,40,133,3
296,8,1,45,130,0
296,8,2,48,130,0
296,8,3,48,133,0
296,8,4,45,133,0
296,8,5,45,130,3
296,8,6,48,130,3
296,8,7,48,133,3
296,8,8,45,133,3
297,8,1,50,130,0
297,8,2,53,130,0
297,8,3,53,133,0
297,8,4,50,133,0
297,8,5,50,130,3
297,8,6,53,130,3
297,8,7,53,133,3
297,8,8,50,133,3
298,8,1,0,135,0
298,8,2,3,135,0
298,8,3,3,138,0
298,8,4,0,138,0
298,8,5,0,135,3
298,8,6,3,135,3
298,8,7,3,138,3
298,8,8,0,138,3
299,8,1,5,135,0
299,8,2,8,135,0
299,8,3,8,138,0
299,8,4,5,138,0
299,8,5,5,135,3
299,8,6,8,135,3
299,8,7,8,138,3
299,8,8,5,138,3
300,8,1,10,135,0
300,8,2,13,135,0
300,8,3,13,138,0
300,8,4,10,138,0
300,8,5,10,135,3
300,8,6,13,135,3
300,8,7,13,138,3
300,8,8,10,138,3
301,8,1,15,135,0
301,8,2,18,135,0
301,8,3,18,138,0
301,8,4,15,138,0
301,8,5,15,135,3
301,8,6,18,135,3
301,8,7,18,138,3
301,8,8,15,138,3
302,8,1,20,135,0
302,8,2,23,135,0
302,8,3,23,138,0
302,8,4,20,138,0
302,8,5,20,135,3
302,8,6,23,135,3
302,8,7,23,138,3
302,8,8,20,138,3
303,8,1,25,135,0
303,8,2,28,135,0
303,8,3,28,138,0
303,8,4,25,138,0
303,8,5,25,135,3
303,8,6,28,135,3
303,8,7,28,138,3
303,8,8,25,138,3
304,8,1,30,135,0
304,8,2,33,135,0
304,8,3,33,138,0
304,8,4,30,138,0
304,8,5,30,135,3
304,8,6,33,135,3
304,8,7,33,138,3
304,8,8,30,138,3
305,8,1,35,135,0
305,8,2,38,135,0
305,8,3,38,138,0
305,8,4,35,138,0
305,8,5,35,135,3
305,8,6,38,135,3
305,8,7,38,138,3
305,8,8,35,138,3
306,8,1,40,135,0
306,8,2,43,135,0
306,8,3,43,138,0
306,8,4,40,138,0
306,8,5,40,135,3
306,8,6,43,135,3
306,8,7,43,138,3
306,8,8,40,138,3
307,8,1,45,135,0
307,8,2,48,135,0
307,8,3,48,138,0
307,8,4,45,138,0
307,8,5,45,135,3
307,8,6,48,135,3
307,8,7,48,138,3
307,8,8,45,138,3
308,8,1,50,135,0
308,8,2,53,135,0
308,8,3,53,138,0
308,8,4,50,138,0
308,8,5,50,135,3
308,8,6,53,135,3
308,8,7,53,138,3
308,8,8,50,138,3
309,8,1,0,140,0
309,8,2,3,140,0
309,8,3,3,143,0
309,8,4,0,143,0
309,8,5,0,140,3
309,8,6,3,140,3
309,8,7,3,143,3
309,8,8,0,143,3
310,8,1,5,140,0
310,8,2,8,140,0
310,8,3,8,143,0
310,8,4,5,143,0
310,8,5,5,140,3
310,8,6,8,140,3
310,8,7,8,143,3
310,8,8,5,143,3
311,8,1,10,140,0
311,8,2,13,140,0
311,8,3,13,143,0
311,8,4,10,143,0
311,8,5,10,140,3
311,8,6,13,140,3
311,8,7,13,143,3
311,8,8,10,143,3
312,8,1,15,140,0
312,8,2,18,140,0
312,8,3,18,143,0
312,8,4,15,143,0
312,8,5,15,140,3
312,8,6,18,140,3
312,8,7,18,143,3
312,8,8,15,143,3
313,8,1,20,140,0
313,8,2,23,140,0
313,8,3,23,143,0
313,8,4,20,143,0
313,8,5,20,140,3
313,8,6,23,140,3
313,8,7,23,143,3
313,8,8,20,143,3
314,8,1,25,140,0
314,8,2,28,140,0
314,8,3,28,143,0
314,8,4,25,143,0
314,8,5,25,140,3
314,8,6,28,140,3
314,8,7,28,143,3
314,8,8,25,143,3
315,8,1,30,140,0
315,8,2,33,140,0
315,8,3,33,143,0
315,8,4,30,143,0
315,8,5,30,140,3
315,8,6,33,140,3
315,8,7,33,143,3
315,8,8,30,143,3
316,8,1,35,140,0
316,8,2,38,140,0
316,8,3,38,143,0
316,8,4,35,143,0
316,8,5,35,140,3
316,8,6,38,140,3
316,8,7,38,143,3
316,8,8,35,143,3
317,8,1,40,140,0
317,8,2,43,140,0
317,8,3,43,143,0
317,8,4,40,143,0
317,8,5,40,140,3
317,8,6,43,140,3
317,8,7,43,143,3
317,8,8,40,143,3
318,8,1,45,140,0
318,8,2,48,140,0
318,8,3,48,143,0
318,8,4,45,143,0
318,8,5,45,140,3
318,8,6,48,140,3
318,8,7,48,143,3
318,8,8,45,143,3
319,8,1,50,140,0
319,8,2,53,140,0
319,8,3,53,143,0
319,8,4,50,143,0
319,8,5,50,140,3
319,8,6,53,140,3
319,8,7,53,143,3
319,8,8,50,143,3
320,8,1,0,145,0
320,8,2,3,145,0
320,8,3,3,148,0
320,8,4,0,148,0
320,8,5,0,145,3
320,8,6,3,145,3
320,8,7,3,148,3
320,8,8,0,148,3
321,8,1,5,145,0
321,8,2,8,145,0
321,8,3,8,148,0
321,8,4,5,148,0
321,8,5,5,145,3
321,8,6,8,145,3
321,8,7,8,148,3
321,8,8,5,148,3
322,8,1,10,145,0
322,8,2,13,145,0
322,8,3,13,148,0
322,8,4,10,148,0
322,8,5,10,145,3
322,8,6,13,145,3
322,8,7,13,148,3
322,8,8,10,148,3
323,8,1,15,145,0
323,8,2,18,145,0
323,8,3,18,148,0
323,8,4,15,148,0
323,8,5,15,145,3
323,8,6,18,145,3
323,8,7,18,148,3
323,8,8,15,148,3
324,8,1,20,145,0
324,8,2,23,145,0
324,8,3,23,148,0
324,8,4,20,148,0
324,8,5,20,145,3
324,8,6,23,145,3
324,8,7,23,148,3
324,8,8,20,148,3
325,8,1,25,145,0
325,8,2,28,145,0
325,8,3,28,148,0
325,8,4,25,148,0
325,8,5,25,145,3
325,8,6,28,145,3
325,8,7,28,148,3
325,8,8,25,148,3
326,8,1,30,145,0
326,8,2,33,145,0
326,8,3,33,148,0
326,8,4,30,148,0
326,8,5,30,145,3
326,8,6,33,145,3
326,8,7,33,148,3
326,8,8,30,148,3
327,8,1,35,145,0
327,8,2,38,145,0
327,8,3,38,148,0
327,8,4,35,148,0
327,8,5,35,145,3
327,8,6,38,145,3
327,8,7,38,148,3
327,8,8,35,148,3
328,8,1,40,145,0
328,8,2,43,145,0
328,8,3,43,148,0
328,8,4,40,148,0
328,8,5,40,145,3
328,8,6,43,145,3
328,8,7,43,148,3
328,8,8,40,148,3
329,8,1,45,145,0
329,8,2,48,145,0
329,8,3,48,148,0
329,8,4,45,148,0
329,8,5,45,145,3
329,8,6,48,145,3
329,8,7,48,148,3
329,8,8,45,148,3
330,8,1,50,145,0
330,8,2,53,145,0
330,8,3,53,148,0
330,8,4,50,148,0
330,8,5,50,145,3
330,8,6,53,145,3
330,8,7,53,148,3
330,8,8,50,148,3
331,8,1,0,150,0
331,8,2,3,150,0
331,8,3,3,153,0
331,8,4,0,153,0
331,8,5,0,150,3
331,8,6,3,150,3
331,8,7,3,153,3
331,8,8,0,153,3
332,8,1,5,150,0
332,8,2,8,150,0
332,8,3,8,153,0
332,8,4,5,153,0
332,8,5,5,150,3
332,8,6,8,150,3
332,8,7,8,153,3
332,8,8,5,153,3
333,8,1,10,150,0
333,8,2,13,150,0
333,8,3,13,153,0
333,8,4,10,153,0
333,8,5,10,150,3
333,8,6,13,150,3
333,8,7,13,153,3
333,8,8,10,153,3
334,8,1,15,150,0
334,8,2,18,150,0
334,8,3,18,153,0
334,8,4,15,153,0
334,8,5,15,150,3
334,8,6,18,150,3
334,8,7,18,153,3
334,8,8,15,153,3
335,8,1,20,150,0
335,8,2,23,150,0
335,8,3,23,153,0
335,8,4,20,153,0
335,8,5,20,150,3
335,8,6,23,150,3
335,8,7,23,153,3
335,8,8,20,153,3
336,8,1,25,150,0
336,8,2,28,150,0
336,8,3,28,153,0
336,8,4,25,153,0
336,8,5,25,150,3
336,8,6,28,150,3
336,8,7,28,153,3
336,8,8,25,153,3
337,8,1,30,150,0
337,8,2,33,150,0
337,8,3,33,153,0
337,8,4,30,153,0
337,8,5,30,150,3
337,8,6,33,150,3
337,8,7,33,153,3
337,8,8,30,153,3
338,8,1,35,150,0
338,8,2,38,150,0
338,8,3,38,153,0
338,8,4,35,153,0
338,8,5,35,150,3
338,8,6,38,150,3
338,8,7,38,153,3
338,8,8,35,153,3
339,8,1,40,150,0
339,8,2,43,150,0
339,8,3,43,153,0
339,8,4,40,153,0
339,8,5,40,150,3
339,8,6,43,150,3
339,8,7,43,153,3
339,8,8,40,153,3
340,8,1,45,150,0
340,8,2,48,150,0
340,8,3,48,153,0
340,8,4,45,153,0
340,8,5,45,150,3
340,8,6,48,150,3
340,8,7,48,153,3
340,8,8,45,153,3
341,8,1,50,150,0
341,8,2,53,150,0
341,8,3,53,153,0
341,8,4,50,153,0
341,8,5,50,150,3
341,8,6,53,150,3
341,8,7,53,153,3
341,8,8,50,153,3
342,8,1,0,155,0
342,8,2,3,155,0
342,8,3,3,158,0
342,8,4,0,158,0
342,8,5,0,155,3
342,8,6,3,155,3
342,8,7,3,158,3
342,8,8,0,158,3
343,8,1,5,155,0
343,8,2,8,155,0
343,8,3,8,158,0
343,8,4,5,158,0
343,8,5,5,155,3
343,8,6,8,155,3
343,8,7,8,158,3
343,8,8,5,158,3
344,8,1,10,155,0
344,8,2,13,155,0
344,8,3,13,158,0
344,8,4,10,158,0
344,8,5,10,155,3
344,8,6,13,155,3
344,8,7,13,158,3
344,8,8,10,158,3
345,8,1,15,155,0
345,8,2,18,155,0
345,8,3,18,158,0
345,8,4,15,158,0
345,8,5,15,155,3
345,8,6,18,155,3
345,8,7,18,158,3
345,8,8,15,158,3
346,8,1,20,155,0
346,8,2,23,155,0
346,8,3,23,158,0
346,8,4,20,158,0
346,8,5,20,155,3
346,8,6,23,155,3
346,8,7,23,158,3
346,8,8,20,158,3
347,8,1,25,155,0
347,8,2,28,155,0
347,8,3,28,158,0
347,8,4,25,158,0
347,8,5,25,155,3
347,8,6,28,155,3
347,8,7,28,158,3
347,8,8,25,158,3
348,8,1,30,155,0
348,8,2,33,155,0
348,8,3,33,158,0
348,8,4,30,158,0
348,8,5,30,155,3
348,8,6,33,155,3
348,8,7,33,158,3
348,8,8,30,158,3
349,8,1,35,155,0
349,8,2,38,155,0
349,8,3,38,158,0
349,8,4,35,158,0
349,8,5,35,155,3
349,8,6,38,155,3
349,8,7,38,158,3
349,8,8,35,158,3
350,8,1,40,155,0
350,8,2,43,155,0
350,8,3,43,158,0
350,8,4,40,158,0
350,8,5,40,155,3
350,8,6,43,155,3
350,8,7,43,158,3
350,8,8,40,158,3
351,8,1,45,155,0
351,8,2,48,155,0
351,8,3,48,158,0
351,8,4,45,158,0
351,8,5,45,155,3
351,8,6,48,155,3
351,8,7,48,158,3
351,8,8,45,158,3
352,8,1,50,155,0
352,8,2,53,155,0
352,8,3,53,158,0
352,8,4,50,158,0
352,8,5,50,155,3
352,8,6,53,155,3
352,8,7,53,158,3
352,8,8,50,158,3
353,8,1,0,160,0
353,8,2,3,160,0
353,8,3,3,163,0
353,8,4,0,163,0
353,8,5,0,160,3
353,8,6,3,160,3
353,8,7,3,163,3
353,8,8,0,163,3
354,8,1,5,160,0
354,8,2,8,160,0
354,8,3,8,163,0
354,8,4,5,163,0
354,8,5,5,160,3
354,8,6,8,160,3
354,8,7,8,163,3
354,8,8,5,163,3
355,8,1,10,160,0
355,8,2,13,160,0
355,8,3,13,163,0
355,8,4,10,163,0
355,8,5,10,160,3
355,8,6,13,160,3
355,8,7,13,163,3
355,8,8,10,163,3
356,8,1,15,160,0
356,8,2,18,160,0
356,8,3,18,163,0
356,8,4,15,163,0
356,8,5,15,160,3
356,8,6,18,160,3
356,8,7,18,163,3
356,8,8,15,163,3
357,8,1,20,160,0
357,8,2,23,160,0
357,8,3,23,163,0
357,8,4,20,163,0
357,8,5,20,160,3
357,8,6,23,160,3
357,8,7,23,163,3
357,8,8,20,163,3
358,8,1,25,160,0
358,8,2,28,160,0
358,8,3,28,163,0
358,8,4,25,163,0
358,8,5,25,160,3
358,8,6,28,160,3
358,8,7,28,163,3
358,8,8,25,163,3
359,8,1,30,160,0
359,8,2,33,160,0
359,8,3,33,163,0
359,8,4,30,163,0
359,8,5,30,160,3
359,8,6,33,160,3
359,8,7,33,163,3
359,8,8,30,163,3
360,8,1,35,160,0
360,8,2,38,160,0
360,8,3,38,163,0
360,8,4,35,163,0
360,8,5,35,160,3
360,8,6,38,160,3
360,8,7,38,163,3
360,8,8,35,163,3
361,8,1,40,160,0
361,8,2,43,160,0
361,8,3,43,163,0
361,8,4,40,163,0
361,8,5,40,160,3
361,8,6,43,160,3
361,8,7,43,163,3
361,8,8,40,163,3
362,8,1,45,160,0
362,8,2,48,160,0
362,8,3,48,163,0
362,8,4,45,163,0
362,8,5,45,160,3
362,8,6,48,160,3
362,8,7,48,163,3
362,8,8,45,163,3
363,8,1,50,160,0
363,8,2,53,160,0
363,8,3,53,163,0
363,8,4,50,163,0
363,8,5,50,160,3
363,8,6,53,160,3
363,8,7,53,163,3
363,8,8,50,163,3
364,8,1,0,165,0
364,8,2,3,165,0
364,8,3,3,168,0
364,8,4,0,168,0
364,8,5,0,165,3
364,8,6,3,165,3
364,8,7,3,168,3
364,8,8,0,168,3
365,8,1,5,165,0
365,8,2,8,165,0
365,8,3,8,168,0
365,8,4,5,168,0
365,8,5,5,165,3
365,8,6,8,165,3
365,8,7,8,168,3
365,8,8,5,168,3
366,8,1,10,165,0
366,8,2,13,165,0
366,8,3,13,168,0
366,8,4,10,168,0
366,8,5,10,165,3
366,8,6,13,165,3
366,8,7,13,168,3
366,8,8,10,168,3
367,8,1,15,165,0
367,8,2,18,165,0
367,8,3,18,168,0
367,8,4,15,168,0
367,8,5,15,165,3
367,8,6,18,165,3
367,8,7,18,168,3
367,8,8,15,168,3
368,8,1,20,165,0
368,8,2,23,165,0
368,8,3,23,168,0
368,8,4,20,168,0
368,8,5,20,165,3
368,8,6,23,165,3
368,8,7,23,168,3
368,8,8,20,168,3
369,8,1,25,165,0
369,8,2,28,165,0
369,8,3,28,168,0
369,8,4,25,168,0
369,8,5,25,165,3
369,8,6,28,165,3
369,8,7,28,168,3
369,8,8,25,168,3
370,8,1,30,165,0
370,8,2,33,165,0
370,8,3,33,168,0
370,8,4,30,168,0
370,8,5,30,165,3
370,8,6,33,165,3
370,8,7,33,168,3
370,8,8,30,168,3
371,8,1,35,165,0
371,8,2,38,165,0
371,8,3,38,168,0
371,8,4,35,168,0
371,8,5,35,165,3
371,8,6,38,165,3
371,8,7,38,168,3
371,8,8,35,168,3
372,8,1,40,165,0
372,8,2,43,165,0
372,8,3,43,168,0
372,8,4,40,168,0
372,8,5,40,165,3
372,8,6,43,165,3
372,8,7,43,168,3
372,8,8,40,168,3
373,8,1,45,165,0
373,8,2,48,165,0
373,8,3,48,168,0
373,8,4,45,168,0
373,8,5,45,165,3
373,8,6,48,165,3
373,8,7,48,168,3
373,8,8,45,168,3
374,8,1,50,165,0
374,8,2,53,165,0
374,8,3,53,168,0
374,8,4,50,168,0
374,8,5,50,165,3
374,8,6,53,165,3
374,8,7,53,168,3
374,8,8,50,168,3
375,8,1,0,170,0
375,8,2,3,170,0
375,8,3,3,173,0
375,8,4,0,173,0
375,8,5,0,170,3
375,8,6,3,170,3
375,8,7,3,173,3
375,8,8,0,173,3
376,8,1,5,170,0
376,8,2,8,170,0
376,8,3,8,173,0
376,8,4,5,173,0
376,8,5,5,170,3
376,8,6,8,170,3
376,8,7,8,173,3
376,8,8,5,173,3
377,8,1,10,170,0
377,8,2,13,170,0
377,8,3,13,173,0
377,8,4,10,173,0
377,8,5,10,170,3
377,8,6,13,170,3
377,8,7,13,173,3
377,8,8,10,173,3
378,8,1,15,170,0
378,8,2,18,170,0
378,8,3,18,173,0
378,8,4,15,173,0
378,8,5,15,170,3
378,8,6,18,170,3
378,8,7,18,173,3
378,8,8,15,173,3
379,8,1,20,170,0
379,8,2,23,170,0
379,8,3,23,173,0
379,8,4,20,173,0
379,8,5,20,170,3
379,8,6,23,170,3
379,8,7,23,173,3
379,8,8,20,173,3
380,8,1,25,170,0
380,8,2,28,170,0
380,8,3,28,173,0
380,8,4,25,173,0
380,8,5,25,170,3
380,8,6,28,170,3
380,8,7,28,173,3
380,8,8,25,173,3
381,8,1,30,170,0
381,8,2,33,170,0
381,8,3,33,173,0
381,8,4,30,173,0
381,8,5,30,170,3
381,8,6,33,170,3
381,8,7,33,173,3
381,8,8,30,173,3
382,8,1,35,170,0
382,8,2,38,170,0
382,8,3,38,173,0
382,8,4,35,173,0
382,8,5,35,170,3
382,8,6,38,170,3
382,8,7,38,173,3
382,8,8,35,173,3
383,8,1,40,170,0
383,8,2,43,170,0
383,8,3,43,173,0
383,8,4,40,173,0
383,8,5,40,170,3
383,8,6,43,170,3
383,8,7,43,173,3
383,8,8,40,173,3
384,8,1,45,170,0
384,8,2,48,170,0
384,8,3,48,173,0
384,8,4,45,173,0
384,8,5,45,170,3
384,8,6,48,170,3
384,8,7,48,173,3
384,8,8,45,173,3
385,8,1,50,170,0
385,8,2,53,170,0
385,8,3,53,173,0
385,8,4,50,173,0
385,8,5,50,170,3
385,8,6,53,170,3
385,8,7,53,173,3
385,8,8,50,173,3
386,8,1,0,175,0
386,8,2,3,175,0
386,8,3,3,178,0
386,8,4,0,178,0
386,8,5,0,175,3
386,8,6,3,175,3
386,8,7,3,178,3
386,8,8,0,178,3
387,8,1,5,175,0
387,8,2,8,175,0
387,8,3,8,178,0
387,8,4,5,178,0
387,8,5,5,175,3
387,8,6,8,175,3
387,8,7,8,178,3
387,8,8,5,178,3
388,8,1,10,175,0
388,8,2,13,175,0
388,8,3,13,178,0
388,8,4,10,178,0
388,8,5,10,175,3
388,8,6,13,175,3
388,8,7,13,178,3
388,8,8,10,178,3
389,8,1,15,175,0
389,8,2,18,175,0
389,8,3,18,178,0
389,8,4,15,178,0
389,8,5,15,175,3
389,8,6,18,175,3
389,8,7,18,178,3
389,8,8,15,178,3
390,8,1,20,175,0
390,8,2,23,175,0
390,8,3,23,178,0
390,8,4,20,178,0
390,8,5,20,175,3
390,8,6,23,175,3
390,8,7,23,178,3
390,8,8,20,178,3
391,8,1,25,175,0
391,8,2,28,175,0
391,8,3,28,178,0
391,8,4,25,178,0
391,8,5,25,175,3
391,8,6,28,175,3
391,8,7,28,178,3
391,8,8,25,178,3
392,8,1,30,175,0
392,8,2,33,175,0
392,8,3,33,178,0
392,8,4,30,178,0
392,8,5,30,175,3
392,8,6,33,175,3
392,8,7,33,178,3
392,8,8,30,178,3
393,8,1,35,175,0
393,8,2,38,175,0
393,8,3,38,178,0
393,8,4,35,178,0
393,8,5,35,175,3
393,8,6,38,175,3
393,8,7,38,178,3
393,8,8,35,178,3
394,8,1,40,175,0
394,8,2,43,175,0
394,8,3,43,178,0
394,8,4,40,178,0
394,8,5,40,175,3
394,8,6,43,175,3
394,8,7,43,178,3
394,8,8,40,178,3
395,8,1,45,175,0
395,8,2,48,175,0
395,8,3,48,178,0
395,8,4,45,178,0
395,8,5,45,175,3
395,8,6,48,175,3
395,8,7,48,178,3
395,8,8,45,178,3
396,8,1,50,175,0
396,8,2,53,175,0
396,8,3,53,178,0
396,8,4,50,178,0
396,8,5,50,175,3
396,8,6,53,175,3
396,8,7,53,178,3
396,8,8,50,178,3
397,8,1,0,180,0
397,8,2,3,180,0
397,8,3,3,183,0
397,8,4,0,183,0
397,8,5,0,180,3
397,8,6,3,180,3
397,8,7,3,183,3
397,8,8,0,183,3
398,8,1,5,180,0
398,8,2,8,180,0
398,8,3,8,183,0
398,8,4,5,183,0
398,8,5,5,180,3
398,8,6,8,180,3
398,8,7,8,183,3
398,8,8,5,183,3
399,8,1,10,180,0
399,8,2,13,180,0
399,8,3,13,183,0
399,8,4,10,183,0
399,8,5,10,180,3
399,8,6,13,180,3
399,8,7,13,183,3
399,8,8,10,183,3
400,8,1,15,180,0
400,8,2,18,180,0
400,8,3,18,183,0
400,8,4,15,183,0
400,8,5,15,180,3
400,8,6,18,180,3
400,8,7,18,183,3
400,8,8,15,183,3
401,8,1,20,180,0
401,8,2,23,180,0
401,8,3,23,183,0
401,8,4,20,183,0
401,8,5,20,180,3
401,8,6,23,180,3
401,8,7,23,183,3
401,8,8,20,183,3
402,8,1,25,180,0
402,8,2,28,180,0
402,8,3,28,183,0
402,8,4,25,183,0
402,8,5,25,180,3
402,8,6,28,180,3
402,8,7,28,183,3
402,8,8,25,183,3
403,8,1,30,180,0
403,8,2,33,180,0
403,8,3,33,183,0
403,8,4,30,183,0
403,8,5,30,180,3
403,8,6,33,180,3
403,8,7,33,183,3
403,8,8,30,183,3
404,8,1,35,180,0
404,8,2,38,180,0
404,8,3,38,183,0
404,8,4,35,183,0
404,8,5,35,180,3
404,8,6,38,180,3
404,8,7,38,183,3
404,8,8,35,183,3
405,8,1,40,180,0
405,8,2,43,180,0
405,8,3,43,183,0
405,8,4,40,183,0
405,8,5,40,180,3
405,8,6,43,180,3
405,8,7,43,183,3
405,8,8,40,183,3
406,8,1,45,180,0
406,8,2,48,180,0
406,8,3,48,183,0
406,8,4,45,183,0
406,8,5,45,180,3
406,8,6,48,180,3
406,8,7,48,183,3
406,8,8,45,183,3
407,8,1,50,180,0
407,8,2,53,180,0
407,8,3,53,183,0
407,8,4,50,183,0
407,8,5,50,180,3
407,8,6,53,180,3
407,8,7,53,183,3
407,8,8,50,183,3
408,8,1,0,185,0
408,8,2,3,185,0
408,8,3,3,188,0
408,8,4,0,188,0
408,8,5,0,185,3
408,8,6,3,185,3
408,8,7,3,188,3
408,8,8,0,188,3
409,8,1,5,185,0
409,8,2,8,185,0
409,8,3,8,188,0
409,8,4,5,188,0
409,8,5,5,185,3
409,8,6,8,185,3
409,8,7,8,188,3
409,8,8,5,188,3
410,8,1,10,185,0
410,8,2,13,185,0
410,8,3,13,188,0
410,8,4,10,188,0
410,8,5,10,185,3
410,8,6,13,185,3
410,8,7,13,188,3
410,8,8,10,188,3
411,8,1,15,185,0
411,8,2,18,185,0
411,8,3,18,188,0
411,8,4,15,188,0
411,8,5,15,185,3
411,8,6,18,185,3
411,8,7,18,188,3
411,8,8,15,188,3
412,8,1,20,185,0
412,8,2,23,185,0
412,8,3,23,188,0
412,8,4,20,188,0
412,8,5,20,185,3
412,8,6,23,185,3
412,8,7,23,188,3
412,8,8,20,188,3
413,8,1,25,185,0
413,8,2,28,185,0
413,8,3,28,188,0
413,8,4,25,188,0
413,8,5,25,185,3
413,8,6,28,185,3
413,8,7,28,188,3
413,8,8,25,188,3
414,8,1,30,185,0
414,8,2,33,185,0
414,8,3,33,188,0
414,8,4,30,188,0
414,8,5,30,185,3
414,8,6,33,185,3
414,8,7,33,188,3
414,8,8,30,188,3
415,8,1,35,185,0
415,8,2,38,185,0
415,8,3,38,188,0
415,8,4,35,188,0
415,8,5,35,185,3
415,8,6,38,185,3
415,8,7,38,188,3
415,8,8,35,188,3
416,8,1,40,185,0
416,8,2,43,185,0
416,8,3,43,188,0
416,8,4,40,188,0
416,8,5,40,185,3
416,8,6,43,185,3
416,8,7,43,188,3
416,8,8,40,188,3
417,8,1,45,185,0
417,8,2,48,185,0
417,8,3,48,188,0
417,8,4,45,188,0
417,8,5,45,185,3
417,8,6,48,185,3
417,8,7,48,188,3
417,8,8,45,188,3
418,8,1,50,185,0
418,8,2,53,185,0
418,8,3,53,188,0
418,8,4,50,188,0
418,8,5,50,185,3
418,8,6,53,185,3
418,8,7,53,188,3
418,8,8,50,188,3
419,8,1,0,190,0
419,8,2,3,190,0
419,8,3,3,193,0
419,8,4,0,193,0
419,8,5,0,190,3
419,8,6,3,190,3
419,8,7,3,193,3
419,8,8,0,193,3
420,8,1,5,190,0
420,8,2,8,190,0
420,8,3,8,193,0
420,8,4,5,193,0
420,8,5,5,190,3
420,8,6,8,190,3
420,8,7,8,193,3
420,8,8,5,193,3
421,8,1,10,190,0
421,8,2,13,190,0
421,8,3,13,193,0
421,8,4,10,193,0
421,8,5,10,190,3
421,8,6,13,190,3
421,8,7,13,193,3
421,8,8,10,193,3
422,8,1,15,190,0
422,8,2,18,190,0
422,8,3,18,193,0
422,8,4,15,193,0
422,8,5,15,190,3
422,8,6,18,190,3
422,8,7,18,193,3
422,8,8,15,193,3
423,8,1,20,190,0
423,8,2,23,190,0
423,8,3,23,193,0
423,8,4,20,193,0
423,8,5,20,190,3
423,8,6,23,190,3
423,8,7,23,193,3
423,8,8,20,193,3
424,8,1,25,190,0
424,8,2,28,190,0
424,8,3,28,193,0
424,8,4,25,193,0
424,8,5,25,190,3
424,8,6,28,190,3
424,8,7,28,193,3
424,8,8,25,193,3
425,8,1,30,190,0
425,8,2,33,190,0
425,8,3,33,193,0
425,8,4,30,193,0
425,8,5,30,190,3
425,8,6,33,190,3
425,8,7,33,193,3
425,8,8,30,193,3
426,8,1,35,190,0
426,8,2,38,190,0
426,8,3,38,193,0
426,8,4,35,193,0
426,8,5,35,190,3
426,8,6,38,190,3
426,8,7,38,193,3
426,8,8,35,193,3
427,8,1,40,190,0
427,8,2,43,190,0
427,8,3,43,193,0
427,8,4,40,193,0
427,8,5,40,190,3
427,8,6,43,190,3
427,8,7,43,193,3
427,8,8,40,193,3
428,8,1,45,190,0
428,8,2,48,190,0
428,8,3,48,193,0
428,8,4,45,193,0
428,8,5,45,190,3
428,8,6,48,190,3
428,8,7,48,193,3
428,8,8,45,193,3
429,8,1,50,190,0
429,8,2,53,190,0
429,8,3,53,193,0
429,8,4,50,193,0
429,8,5,50,190,3
429,8,6,53,190,3
429,8,7,53,193,3
429,8,8,50,193,3
430,8,1,0,195,0
430,8,2,3,195,0
430,8,3,3,198,0
430,8,4,0,198,0
430,8,5,0,195,3
430,8,6,3,195,3
430,8,7,3,198,3
430,8,8,0,198,3
431,8,1,5,195,0
431,8,2,8,195,0
431,8,3,8,198,0
431,8,4,5,198,0
431,8,5,5,195,3
431,8,6,8,195,3
431,8,7,8,198,3
431,8,8,5,198,3
432,8,1,10,195,0
432,8,2,13,195,0
432,8,3,13,198,0
432,8,4,10,198,0
432,8,5,10,195,3
432,8,6,13,195,3
432,8,7,13,198,3
432,8,8,10,198,3
433,8,1,15,195,0
433,8,2,18,195,0
433,8,3,18,198,0
433,8,4,15,198,0
433,8,5,15,195,3
433,8,6,18,195,3
433,8,7,18,198,3
433,8,8,15,198,3
434,8,1,20,195,0
434,8,2,23,195,0
434,8,3,23,198,0
434,8,4,20,198,0
434,8,5,20,195,3
434,8,6,23,195,3
434,8,7,23,198,3
434,8,8,20,198,3
435,8,1,25,195,0
435,8,2,28,195,0
435,8,3,28,198,0
435,8,4,25,198,0
435,8,5,25,195,3
435,8,6,28,195,3
435,8,7,28,198,3
435,8,8,25,198,3
436,8,1,30,195,0
436,8,2,33,195,0
436,8,3,33,198,0
436,8,4,30,198,0
436,8,5,30,195,3
436,8,6,33,195,3
436,8,7,33,198,3
436,8,8,30,198,3
437,8,1,35,195,0
437,8,2,38,195,0
437,8,3,38,198,0
437,8,4,35,198,0
437,8,5,35,195,3
437,8,6,38,195,3
437,8,7,38,198,3
437,8,8,35,198,3
438,8,1,40,195,0
438,8,2,43,195,0
438,8,3,43,198,0
438,8,4,40,198,0
438,8,5,40,195,3
438,8,6,43,195,3
438,8,7,43,198,3
438,8,8,40,198,3
439,8,1,45,195,0
439,8,2,48,195,0
439,8,3,48,198,0
439,8,4,45,198,0
439,8,5,45,195,3
439,8,6,48,195,3
439,8,7,48,198,3
439,8,8,45,198,3
440,8,1,50,195,0
440,8,2,53,195,0
440,8,3,53,198,0
440,8,4,50,198,0
440,8,5,50,195,3
440,8,6,53,195,3
440,8,7,53,198,3
440,8,8,50,198,3
441,8,1,0,200,0
441,8,2,3,200,0
441,8,3,3,203,0
441,8,4,0,203,0
441,8,5,0,200,3
441,8,6,3,200,3
441,8,7,3,203,3
441,8,8,0,203,3
442,8,1,5,200,0
442,8,2,8,200,0
442,8,3,8,203,0
442,8,4,5,203,0
442,8,5,5,200,3
442,8,6,8,200,3
442,8,7,8,203,3
442,8,8,5,203,3
443,8,1,10,200,0
443,8,2,13,200,0
443,8,3,13,203,0
443,8,4,10,203,0
443,8,5,10,200,3
443,8,6,13,200,3
443,8,7,13,203,3
443,8,8,10,203,3
444,8,1,15,200,0
444,8,2,18,200,0
444,8,3,18,203,0
444,8,4,15,203,0
444,8,5,15,200,3
444,8,6,18,200,3
444,8,7,18,203,3
444,8,8,15,203,3
445,8,1,20,200,0
445,8,2,23,200,0
445,8,3,23,203,0
445,8,4,20,203,0
445,8,5,20,200,3
445,8,6,23,200,3
445,8,7,23,203,3
445,8,8,20,203,3
446,8,1,25,200,0
446,8,2,28,200,0
446,8,3,28,203,0
446,8,4,25,203,0
446,8,5,25,200,3
446,8,6,28,200,3
446,8,7,28,203,3
446,8,8,25,203,3
447,8,1,30,200,0
447,8,2,33,200,0
447,8,3,33,203,0
447,8,4,30,203,0
447,8,5,30,200,3
447,8,6,33,200,3
447,8,7,33,203,3
447,8,8,30,203,3
448,8,1,35,200,0
448,8,2,38,200,0
448,8,3,38,203,0
448,8,4,35,203,0
448,8,5,35,200,3
448,8,6,38,200,3
448,8,7,38,203,3
448,8,8,35,203,3
449,8,1,40,200,0
449,8,2,43,200,0
449,8,3,43,203,0
449,8,4,40,203,0
449,8,5,40,200,3
449,8,6,43,200,3
449,8,7,43,203,3
449,8,8,40,203,3
450,8,1,45,200,0
450,8,2,48,200,0
450,8,3,48,203,0
450,8,4,45,203,0
450,8,5,45,200,3
450,8,6,48,200,3
450,8,7,48,203,3
450,8,8,45,203,3
451,8,1,50,200,0
451,8,2,53,200,0
451,8,3,53,203,0
451,8,4,50,203,0
451,8,5,50,200,3
451,8,6,53,200,3
451,8,7,53,203,3
451,8,8,50,203,3
452,8,1,0,205,0
452,8,2,3,205,0
452,8,3,3,208,0
452,8,4,0,208,0
452,8,5,0,205,3
452,8,6,3,205,3
452,8,7,3,208,3
452,8,8,0,208,3
453,8,1,5,205,0
453,8,2,8,205,0
453,8,3,8,208,0
453,8,4,5,208,0
453,8,5,5,205,3
453,8,6,8,205,3
453,8,7,8,208,3
453,8,8,5,208,3
454,8,1,10,205,0
454,8,2,13,205,0
454,8,3,13,208,0
454,8,4,10,208,0
454,8,5,10,205,3
454,8,6,13,205,3
454,8,7,13,208,3
454,8,8,10,208,3
455,8,1,15,205,0
455,8,2,18,205,0
455,8,3,18,208,0
455,8,4,15,208,0
455,8,5,15,205,3
455,8,6,18,205,3
455,8,7,18,208,3
455,8,8,15,208,3
456,8,1,20,205,0
456,8,2,23,205,0
456,8,3,23,208,0
456,8,4,20,208,0
456,8,5,20,205,3
456,8,6,23,205,3
456,8,7,23,208,3
456,8,8,20,208,3
457,8,1,25,205,0
457,8,2,28,205,0
457,8,3,28,208,0
457,8,4,25,208,0
457,8,5,25,205,3
457,8,6,28,205,3
457,8,7,28,208,3
457,8,8,25,208,3
458,8,1,30,205,0
458,8,2,33,205,0
458,8,3,33,208,0
458,8,4,30,208,0
458,8,5,30,205,3
458,8,6,33,205,3
458,8,7,33,208,3
458,8,8,30,208,3
459,8,1,35,205,0
459,8,2,38,205,0
459,8,3,38,208,0
459,8,4,35,208,0
459,8,5,35,205,3
459,8,6,38,205,3
459,8,7,38,208,3
459,8,8,35,208,3
460,8,1,40,205,0
460,8,2,43,205,0
460,8,3,43,208,0
460,8,4,40,208,0
460,8,5,40,205,3
460,8,6,43,205,3
460,8,7,43,208,3
460,8,8,40,208,3
461,8,1,45,205,0
461,8,2,48,205,0
461,8,3,48,208,0
461,8,4,45,208,0
461,8,5,45,205,3
461,8,6,48,205,3
461,8,7,48,208,3
461,8,8,45,208,3
462,8,1,50,205,0
462,8,2,53,205,0
462,8,3,53,208,0
462,8,4,50,208,0
462,8,5,50,205,3
462,8,6,53,205,3
462,8,7,53,208,3
462,8,8,50,208,3
463,8,1,0,210,0
463,8,2,3,210,0
463,8,3,3,213,0
463,8,4,0,213,0
463,8,5,0,210,3
463,8,6,3,210,3
463,8,7,3,213,3
463,8,8,0,213,3
464,8,1,5,210,0
464,8,2,8,210,0
464,8,3,8,213,0
464,8,4,5,213,0
464,8,5,5,210,3
464,8,6,8,210,3
464,8,7,8,213,3
464,8,8,5,213,3
465,8,1,10,210,0
465,8,2,13,210,0
465,8,3,13,213,0
465,8,4,10,213,0
465,8,5,10,210,3
465,8,6,13,210,3
465,8,7,13,213,3
465,8,8,10,213,3
466,8,1,15,210,0
466,8,2,18,210,0
466,8,3,18,213,0
466,8,4,15,213,0
466,8,5,15,210,3
466,8,6,18,210,3
466,8,7,18,213,3
466,8,8,15,213,3
467,8,1,20,210,0
467,8,2,23,210,0
467,8,3,23,213,0
467,8,4,20,213,0
467,8,5,20,210,3
467,8,6,23,210,3
467,8,7,23,213,3
467,8,8,20,213,3
468,8,1,25,210,0
468,8,2,28,210,0
468,8,3,28,213,0
468,8,4,25,213,0
468,8,5,25,210,3
468,8,6,28,210,3
468,8,7,28,213,3
468,8,8,25,213,3
469,8,1,30,210,0
469,8,2,33,210,0
469,8,3,33,213,0
469,8,4,30,213,0
469,8,5,30,210,3
469,8,6,33,210,3
469,8,7,33,213,3
469,8,8,30,213,3
470,8,1,35,210,0
470,8,2,38,210,0
470,8,3,38,213,0
470,8,4,35,213,0
470,8,5,35,210,3
470,8,6,38,210,3
470,8,7,38,213,3
470,8,8,35,213,3
471,8,1,40,210,0
471,8,2,43,210,0
471,8,3,43,213,0
471,8,4,40,213,0
471,8,5,40,210,3
471,8,6,43,210,3
471,8,7,43,213,3
471,8,8,40,213,3
472,8,1,45,210,0
472,8,2,48,210,0
472,8,3,48,213,0
472,8,4,45,213,0
472,8,5,45,210,3
472,8,6,48,210,3
472,8,7,48,213,3
472,8,8,45,213,3
473,8,1,50,210,0
473,8,2,53,210,0
473,8,3,53,213,0
473,8,4,50,213,0
473,8,5,50,210,3
473,8,6,53,210,3
473,8,7,53,213,3
473,8,8,50,213,3
474,8,1,0,215,0
474,8,2,3,215,0
474,8,3,3,218,0
474,8,4,0,218,0
474,8,5,0,215,3
474,8,6,3,215,3
474,8,7,3,218,3
474,8,8,0,218,3
475,8,1,5,215,0
475,8,2,8,215,0
475,8,3,8,218,0
475,8,4,5,218,0
475,8,5,5,215,3
475,8,6,8,215,3
475,8,7,8,218,3
475,8,8,5,218,3
476,8,1,10,215,0
476,8,2,13,215,0
476,8,3,13,218,0
476,8,4,10,218,0
476,8,5,10,215,3
476,8,6,13,215,3
476,8,7,13,218,3
476,8,8,10,218,3
477,8,1,15,215,0
477,8,2,18,215,0
477,8,3,18,218,0
477,8,4,15,218,0
477,8,5,15,215,3
477,8,6,18,215,3
477,8,7,18,218,3
477,8,8,15,218,3
478,8,1,20,215,0
478,8,2,23,215,0
478,8,3,23,218,0
478,8,4,20,218,0
478,8,5,20,215,3
478,8,6,23,215,3
478,8,7,23,218,3
478,8,8,20,218,3
479,8,1,25,215,0
479,8,2,28,215,0
479,8,3,28,218,0
479,8,4,25,218,0
479,8,5,25,215,3
479,8,6,28,215,3
479,8,7,28,218,3
479,8,8,25,218,3
480,8,1,30,215,0
480,8,2,33,215,0
480,8,3,33,218,0
480,8,4,30,218,0
480,8,5,30,215,3
480,8,6,33,215,3
480,8,7,33,218,3
480,8,8,30,218,3
481,8,1,35,215,0
481,8,2,38,215,0
481,8,3,38,218,0
481,8,4,35,218,0
481,8,5,35,215,3
481,8,6,38,215,3
481,8,7,38,218,3
481,8,8,35,218,3
482,8,1,40,215,0
482,8,2,43,215,0
482,8,3,43,218,0
482,8,4,40,218,0
482,8,5,40,215,3
482,8,6,43,215,3
482,8,7,43,218,3
482,8,8,40,218,3
483,8,1,45,215,0
483,8,2,48,215,0
483,8,3,48,218,0
483,8,4,45,218,0
483,8,5,45,215,3
483,8,6,48,215,3
483,8,7,48,218,3
483,8,8,45,218,3
484,8,1,50,215,0
484,8,2,53,215,0
484,8,3,53,218,0
484,8,4,50,218,0
484,8,5,50,215,3
484,8,6,53,215,3
484,8,7,53,218,3
484,8,8,50,218,3
485,8,1,0,220,0
485,8,2,3,220,0
485,8,3,3,223,0
485,8,4,0,223,0
485,8,5,0,220,3
485,8,6,3,220,3
485,8,7,3,223,3
485,8,8,0,223,3
486,8,1,5,220,0
486,8,2,8,220,0
486,8,3,8,223,0
486,8,4,5,223,0
486,8,5,5,220,3
486,8,6,8,220,3
486,8,7,8,223,3
486,8,8,5,223,3
487,8,1,10,220,0
487,8,2,13,220,0
487,8,3,13,223,0
487,8,4,10,223,0
487,8,5,10,220,3
487,8,6,13,220,3
487,8,7,13,223,3
487,8,8,10,223,3
488,8,1,15,220,0
488,8,2,18,220,0
488,8,3,18,223,0
488,8,4,15,223,0
488,8,5,15,220,3
488,8,6,18,220,3
488,8,7,18,223,3
488,8,8,15,223,3
489,8,1,20,220,0
489,8,2,23,220,0
489,8,3,23,223,0
489,8,4,20,223,0
489,8,5,20,220,3
489,8,6,23,220,3
489,8,7,23,223,3
489,8,8,20,223,3
490,8,1,25,220,0
490,8,2,28,220,0
490,8,3,28,223,0
490,8,4,25,223,0
490,8,5,25,220,3
490,8,6,28,220,3
490,8,7,28,223,3
490,8,8,25,223,3
491,8,1,30,220,0
491,8,2,33,220,0
491,8,3,33,223,0
491,8,4,30,223,0
491,8,5,30,220,3
491,8,6,33,220,3
491,8,7,33,223,3
491,8,8,30,223,3
492,8,1,35,220,0
492,8,2,38,220,0
492,8,3,38,223,0
492,8,4,35,223,0
492,8,5,35,220,3
492,8,6,38,220,3
492,8,7,38,223,3
492,8,8,35,223,3
493,8,1,40,220,0
493,8,2,43,220,0
493,8,3,43,223,0
493,8,4,40,223,0
493,8,5,40,220,3
493,8,6,43,220,3
493,8,7,43,223,3
493,8,8,40,223,3
494,8,1,45,220,0
494,8,2,48,220,0
494,8,3,48,223,0
494,8,4,45,223,0
494,8,5,45,220,3
494,8,6,48,220,3
494,8,7,48,223,3
494,8,8,45,223,3
495,8,1,50,220,0
495,8,2,53,220,0
495,8,3,53,223,0
495,8,4,50,223,0
495,8,5,50,220,3
495,8,6,53,220,3
495,8,7,53,223,3
495,8,8,50,223,3
496,8,1,0,225,0
496,8,2,3,225,0
496,8,3,3,228,0
496,8,4,0,228,0
496,8,5,0,225,3
496,8,6,3,225,3
496,8,7,3,228,3
496,8,8,0,228,3
497,8,1,5,225,0
497,8,2,8,225,0
497,8,3,8,228,0
497,8,4,5,228,0
497,8,5,5,225,3
497,8,6,8,225,3
497,8,7,8,228,3
497,8,8,5,228,3
498,8,1,10,225,0
498,8,2,13,225,0
498,8,3,13,228,0
498,8,4,10,228,0
498,8,5,10,225,3
498,8,6,13,225,3
498,8,7,13,228,3
498,8,8,10,228,3
499,8,1,15,225,0
499,8,2,18,225,0
499,8,3,18,228,0
499,8,4,15,228,0
499,8,5,15,225,3
499,8,6,18,225,3
499,8,7,18,228,3
499,8,8,15,228,3
500,8,1,20,225,0
500,8,2,23,225,0
500,8,3,23,228,0
500,8,4,20,228,0
500,8,5,20,225,3
500,8,6,23,225,3
500,8,7,23,228,3
500,8,8,20,228,3
501,8,1,25,225,0
501,8,2,28,225,0
501,8,3,28,228,0
501,8,4,25,228,0
501,8,5,25,225,3
501,8,6,28,225,3
501,8,7,28,228,3
501,8,8,25,228,3
502,8,1,30,225,0
502,8,2,33,225,0
502,8,3,33,228,0
502,8,4,30,228,0
502,8,5,30,225,3
502,8,6,33,225,3
502,8,7,33,228,3
502,8,8,30,228,3
503,8,1,35,225,0
503,8,2,38,225,0
503,8,3,38,228,0
503,8,4,35,228,0
503,8,5,35,225,3
503,8,6,38,225,3
503,8,7,38,228,3
503,8,8,35,228,3
504,8,1,40,225,0
504,8,2,43,225,0
504,8,3,43,228,0
504,8,4,40,228,0
504,8,5,40,225,3
504,8,6,43,225,3
504,8,7,43,228,3
504,8,8,40,228,3
505,8,1,45,225,0
505,8,2,48,225,0
505,8,3,48,228,0
505,8,4,45,228,0
505,8,5,45,225,3
505,8,6,48,225,3
505,8,7,48,228,3
505,8,8,45,228,3
506,8,1,50,225,0
506,8,2,53,225,0
506,8,3,53,228,0
506,8,4,50,228,0
506,8,5,50,225,3
506,8,6,53,225,3
506,8,7,53,228,3
506,8,8,50,228,3
507,8,1,0,230,0
507,8,2,3,230,0
507,8,3,3,233,0
507,8,4,0,233,0
507,8,5,0,230,3
507,8,6,3,230,3
507,8,7,3,233,3
507,8,8,0,233,3
508,8,1,5,230,0
508,8,2,8,230,0
508,8,3,8,233,0
508,8,4,5,233,0
508,8,5,5,230,3
508,8,6,8,230,3
508,8,7,8,233,3
508,8,8,5,233,3
509,8,1,10,230,0
509,8,2,13,230,0
509,8,3,13,233,0
509,8,4,10,233,0
509,8,5,10,230,3
509,8,6,13,230,3
509,8,7,13,233,3
509,8,8,10,233,3
510,8,1,15,230,0
510,8,2,18,230,0
510,8,3,18,233,0
510,8,4,15,233,0
510,8,5,15,230,3
510,8,6,18,230,3
510,8,7,18,233,3
510,8,8,15,233,3
511,8,1,20,230,0
511,8,2,23,230,0
511,8,3,23,233,0
511,8,4,20,233,0
511,8,5,20,230,3
511,8,6,23,230,3
511,8,7,23,233,3
511,8,8,20,233,3
512,8,1,25,230,0
512,8,2,28,230,0
512,8,3,28,233,0
512,8,4,25,233,0
512,8,5,25,230,3
512,8,6,28,230,3
512,8,7,28,233,3
512,8,8,25,233,3
513,8,1,30,230,0
513,8,2,33,230,0
513,8,3,33,233,0
513,8,4,30,233,0
513,8,5,30,230,3
513,8,6,33,230,3
513,8,7,33,233,3
513,8,8,30,233,3
514,8,1,35,230,0
514,8,2,38,230,0
514,8,3,38,233,0
514,8,4,35,233,0
514,8,5,35,230,3
514,8,6,38,230,3
514,8,7,38,233,3
514,8,8,35,233,3
515,8,1,40,230,0
515,8,2,43,230,0
515,8,3,43,233,0
515,8,4,40,233,0
515,8,5,40,230,3
515,8,6,43,230,3
515,8,7,43,233,3
515,8,8,40,233,3
516,8,1,45,230,0
516,8,2,48,230,0
516,8,3,48,233,0
516,8,4,45,233,0
516,8,5,45,230,3
516,8,6,48,230,3
516,8,7,48,233,3
516,8,8,45,233,3
517,8,1,50,230,0
517,8,2,53,230,0
517,8,3,53,233,0
517,8,4,50,233,0
517,8,5,50,230,3
517,8,6,53,230,3
517,8,7,53,233,3
517,8,8,50,233,3
518,8,1,0,235,0
518,8,2,3,235,0
518,8,3,3,238,0
518,8,4,0,238,0
518,8,5,0,235,3
518,8,6,3,235,3
518,8,7,3,238,3
518,8,8,0,238,3
519,8,1,5,235,0
519,8,2,8,235,0
519,8,3,8,238,0
519,8,4,5,238,0
519,8,5,5,235,3
519,8,6,8,235,3
519,8,7,8,238,3
519,8,8,5,238,3
520,8,1,10,235,0
520,8,2,13,235,0
520,8,3,13,238,0
520,8,4,10,238,0
520,8,5,10,235,3
520,8,6,13,235,3
520,8,7,13,238,3
520,8,8,10,238,3
521,8,1,15,235,0
521,8,2,18,235,0
521,8,3,18,238,0
521,8,4,15,238,0
521,8,5,15,235,3
521,8,6,18,235,3
521,8,7,18,238,3
521,8,8,15,238,3
522,8,1,20,235,0
522,8,2,23,235,0
522,8,3,23,238,0
522,8,4,20,238,0
522,8,5,20,235,3
522,8,6,23,235,3
522,8,7,23,238,3
522,8,8,20,238,3
523,8,1,25,235,0
523,8,2,28,235,0
523,8,3,28,238,0
523,8,4,25,238,0
523,8,5,25,235,3
523,8,6,28,235,3
523,8,7,28,238,3
523,8,8,25,238,3
524,8,1,30,235,0
524,8,2,33,235,0
524,8,3,33,238,0
524,8,4,30,238,0
524,8,5,30,235,3
524,8,6,33,235,3
524,8,7,33,238,3
524,8,8,30,238,3
525,8,1,35,235,0
525,8,2,38,235,0
525,8,3,38,238,0
525,8,4,35,238,0
525,8,5,35,235,3
525,8,6,38,235,3
525,8,7,38,238,3
525,8,8,35,238,3
526,8,1,40,235,0
526,8,2,43,235,0
526,8,3,43,238,0
526,8,4,40,238,0
526,8,5,40,235,3
526,8,6,43,235,3
526,8,7,43,238,3
526,8,8,40,238,3
527,8,1,45,235,0
527,8,2,48,235,0
527,8,3,48,238,0
527,8,4,45,238,0
527,8,5,45,235,3
527,8,6,48,235,3
527,8,7,48,238,3
527,8,8,45,238,3
528,8,1,50,235,0
528,8,2,53,235,0
528,8,3,53,238,0
528,8,4,50,238,0
528,8,5,50,235,3
528,8,6,53,235,3
528,8,7,53,238,3
528,8,8,50,238,3
529,8,1,0,240,0
529,8,2,3,240,0
529,8,3,3,243,0
529,8,4,0,243,0
529,8,5,0,240,3
529,8,6,3,240,3
529,8,7,3,243,3
529,8,8,0,243,3
530,8,1,5,240,0
530,8,2,8,240,0
530,8,3,8,243,0
530,8,4,5,243,0
530,8,5,5,240,3
530,8,6,8,240,3
530,8,7,8,243,3
530,8,8,5,243,3
531,8,1,10,240,0
531,8,2,13,240,0
531,8,3,13,243,0
531,8,4,10,243,0
531,8,5,10,240,3
531,8,6,13,240,3
531,8,7,13,243,3
531,8,8,10,243,3
532,8,1,15,240,0
532,8,2,18,240,0
532,8,3,18,243,0
532,8,4,15,243,0
532,8,5,15,240,3
532,8,6,18,240,3
532,8,7,18,243,3
532,8,8,15,243,3
533,8,1,20,240,0
533,8,2,23,240,0
533,8,3,23,243,0
533,8,4,20,243,0
533,8,5,20,240,3
533,8,6,23,240,3
533,8,7,23,243,3
533,8,8,20,243,3
534,8,1,25,240,0
534,8,2,28,240,0
534,8,3,28,243,0
534,8,4,25,243,0
534,8,5,25,240,3
534,8,6,28,240,3
534,8,7,28,243,3
534,8,8,25,243,3
535,8,1,30,240,0
535,8,2,33,240,0
535,8,3,33,243,0
535,8,4,30,243,0
535,8,5,30,240,3
535,8,6,33,240,3
535,8,7,33,243,3
535,8,8,30,243,3
536,8,1,35,240,0
536,8,2,38,240,0
536,8,3,38,243,0
536,8,4,35,243,0
536,8,5,35,240,3
536,8,6,38,240,3
536,8,7,38,243,3
536,8,8,35,243,3
537,8,1,40,240,0
537,8,2,43,240,0
537,8,3,43,243,0
537,8,4,40,243,0
537,8,5,40,240,3
537,8,6,43,240,3
537,8,7,43,243,3
537,8,8,40,243,3
538,8,1,45,240,0
538,8,2,48,240,0
538,8,3,48,243,0
538,8,4,45,243,0
538,8,5,45,240,3
538,8,6,48,240,3
538,8,7,48,243,3
538,8,8,45,243,3
539,8,1,50,240,0
539,8,2,53,240,0
539,8,3,53,243,0
539,8,4,50,243,0
539,8,5,50,240,3
539,8,6,53,240,3
539,8,7,53,243,3
539,8,8,50,243,3
540,8,1,0,245,0
540,8,2,3,245,0
540,8,3,3,248,0
540,8,4,0,248,0
540,8,5,0,245,3
540,8,6,3,245,3
540,8,7,3,248,3
540,8,8,0,248,3
541,8,1,5,245,0
541,8,2,8,245,0
541,8,3,8,248,0
541,8,4,5,248,0
541,8,5,5,245,3
541,8,6,8,245,3
541,8,7,8,248,3
541,8,8,5,248,3
542,8,1,10,245,0
542,8,2,13,245,0
542,8,3,13,248,0
542,8,4,10,248,0
542,8,5,10,245,3
542,8,6,13,245,3
542,8,7,13,248,3
542,8,8,10,248,3
543,8,1,15,245,0
543,8,2,18,245,0
543,8,3,18,248,0
543,8,4,15,248,0
543,8,5,15,245,3
543,8,6,18,245,3
543,8,7,18,248,3
543,8,8,15,248,3
544,8,1,20,245,0
544,8,2,23,245,0
544,8,3,23,248,0
544,8,4,20,248,0
544,8,5,20,245,3
544,8,6,23,245,3
544,8,7,23,248,3
544,8,8,20,248,3
545,8,1,25,245,0
545,8,2,28,245,0
545,8,3,28,248,0
545,8,4,25,248,0
545,8,5,25,245,3
545,8,6,28,245,3
545,8,7,28,248,3
545,8,8,25,248,3
546,8,1,30,245,0
546,8,2,33,245,0
546,8,3,33,248,0
546,8,4,30,248,0
546,8,5,30,245,3
546,8,6,33,245,3
546,8,7,33,248,3
546,8,8,30,248,3
547,8,1,35,245,0
547,8,2,38,245,0
547,8,3,38,248,0
547,8,4,35,248,0
547,8,5,35,245,3
547,8,6,38,245,3
547,8,7,38,248,3
547,8,8,35,248,3
548,8,1,40,245,0
548,8,2,43,245,0
548,8,3,43,248,0
548,8,4,40,248,0
548,8,5,40,245,3
548,8,6,43,245,3
548,8,7,43,248,3
548,8,8,40,248,3
549,8,1,45,245,0
549,8,2,48,245,0
549,8,3,48,248,0
549,8,4,45,248,0
549,8,5,45,245,3
549,8,6,48,245,3
549,8,7,48,248,3
549,8,8,45,248,3
550,8,1,50,245,0
550,8,2,53,245,0
550,8,3,53,248,0
550,8,4,50,248,0
550,8,5,50,245,3
550,8,6,53,245,3
550,8,7,53,248,3
550,8,8,50,248,3
